price,year,manufacturer,model,condition,cylinders,fuel,odometer,title_status,transmission,drive,type,paint_color,image_url,state,brand_logo,local_image_path
4795,2004.0,chevrolet,tahoe,,,gas,197613.0,clean,automatic,4wd,,,https://images.craigslist.org/00b0b_egcsND3q5wZz_0CI0t2_600x450.jpg,co,https://logo.clearbit.com/chevrolet.com,assets/placeholder.png
3200,2001.0,mercedes-benz,benz ml320,good,,gas,200000.0,clean,automatic,,SUV,brown,https://images.craigslist.org/00j0j_gZkLvKzT2m4z_0t20CI_600x450.jpg,ar,https://logo.clearbit.com/mercedes-benz.com,assets/placeholder.png
38590,2019.0,lexus,es 350 luxury sedan 4d,good,6 cylinders,other,11599.0,clean,other,fwd,sedan,white,https://images.craigslist.org/00a0a_eIZbVHQrCdmz_0gw0co_600x450.jpg,pa,https://logo.clearbit.com/lexus.com,assets/placeholder.png
69988,2020.0,chevrolet,tahoe premier,,,gas,29480.0,clean,automatic,,,,https://images.craigslist.org/00606_4QtitJ7Leluz_0CI0t2_600x450.jpg,ok,https://logo.clearbit.com/chevrolet.com,assets/placeholder.png
800,2005.0,honda,pilot,,,gas,200000.0,clean,automatic,,SUV,,https://images.craigslist.org/00S0S_jKedFCc1OJMz_0CI0t2_600x450.jpg,mi,https://logo.clearbit.com/honda.com,assets/placeholder.png
5500,2007.0,hyundai,veracruz,,,gas,180000.0,clean,automatic,,,,https://images.craigslist.org/00H0H_bghCx8dLgwDz_0CI0t2_600x450.jpg,tx,https://logo.clearbit.com/hyundai.com,assets/placeholder.png
1400,2010.0,mercury,milan premier,good,6 cylinders,gas,208000.0,missing,automatic,fwd,sedan,white,https://images.craigslist.org/00H0H_4tXuOpUFXrEz_0e30t2_600x450.jpg,nc,https://logo.clearbit.com/mercuryvehicles.com,assets/placeholder.png
14495,2014.0,gmc,acadia,,,gas,142707.0,clean,automatic,fwd,SUV,black,https://images.craigslist.org/00R0R_1tCzBSTORZEz_0jm0ew_600x450.jpg,or,https://logo.clearbit.com/gmc.com,assets/placeholder.png
14000,2016.0,ford,c-max r4452a,,,electric,40858.0,clean,automatic,fwd,,blue,https://images.craigslist.org/00I0I_gGIrATiVP01_0al06T_600x450.jpg,mi,https://logo.clearbit.com/ford.com,assets/placeholder.png
7500,1999.0,toyota,4runner,good,,gas,190000.0,clean,manual,4wd,,,https://images.craigslist.org/00M0M_cH4mjAxK5Rnz_0MM132_600x450.jpg,co,https://logo.clearbit.com/toyota.com,assets/placeholder.png
500,1995.0,chevrolet,s10,fair,6 cylinders,gas,275000.0,clean,automatic,4wd,pickup,green,https://images.craigslist.org/01616_bss0b39PiIOz_0CI0t2_600x450.jpg,wa,https://logo.clearbit.com/chevrolet.com,assets/placeholder.png
25990,2017.0,mazda,mx-5 miata grand touring,good,,gas,19942.0,clean,other,rwd,other,,https://images.craigslist.org/00t0t_a31VtrmTKEsz_0gw0co_600x450.jpg,ga,https://logo.clearbit.com/mazda.com,assets/placeholder.png
53025,2014.0,chevrolet,corvette stingray,,,gas,4668.0,clean,manual,rwd,,,https://images.craigslist.org/00c0c_jGyW8uwwN1Yz_0ak06T_600x450.jpg,tn,https://logo.clearbit.com/chevrolet.com,assets/placeholder.png
25990,2017.0,jaguar,xe 35t prestige sedan 4d,good,,other,23279.0,clean,other,,sedan,white,https://images.craigslist.org/00E0E_jmnyfxvHHwz_0gw0co_600x450.jpg,nm,https://logo.clearbit.com/jaguar.com,assets/placeholder.png
7498,2016.0,nissan,versa note s,good,4 cylinders,gas,82260.0,clean,manual,fwd,hatchback,white,https://images.craigslist.org/00w0w_h5SH2nAYKaJz_0CI0t2_600x450.jpg,vt,https://logo.clearbit.com/nissanusa.com,assets/placeholder.png
33990,2019.0,dodge,challenger r/t coupe 2d,good,8 cylinders,gas,7277.0,clean,other,rwd,coupe,red,https://images.craigslist.org/00N0N_1xMPvfxRAIdz_0gw0co_600x450.jpg,fl,https://logo.clearbit.com/dodge.com,assets/placeholder.png
5500,2004.0,ford,e350 van,,8 cylinders,gas,220.0,clean,automatic,rwd,,,https://images.craigslist.org/00C0C_lAJXNzMQ1DYz_0CI0t2_600x450.jpg,or,https://logo.clearbit.com/ford.com,assets/placeholder.png
78995,2020.0,ram,3500 big horn,good,,other,607.0,clean,automatic,4wd,pickup,silver,https://images.craigslist.org/00G0G_g2X3SgiKKjez_0ak07K_600x450.jpg,sc,https://logo.clearbit.com/ramtrucks.com,assets/placeholder.png
5250,2002.0,ram,2500 slt,good,8 cylinders,gas,192370.0,clean,automatic,rwd,pickup,grey,https://images.craigslist.org/00I0I_9hLfLyPhrL0z_0CI0lM_600x450.jpg,il,https://logo.clearbit.com/ramtrucks.com,assets/placeholder.png
10000,2017.0,hyundai,sonata,good,4 cylinders,gas,105000.0,clean,automatic,fwd,sedan,silver,https://images.craigslist.org/00j0j_ce9j29dz1Rwz_0CI0t2_600x450.jpg,id,https://logo.clearbit.com/hyundai.com,assets/placeholder.png
39500,2017.0,chevrolet,silverado 1500,,,gas,58235.0,clean,automatic,4wd,,black,https://images.craigslist.org/00G0G_ixXNiSxzgs8z_09Q06Y_600x450.jpg,il,https://logo.clearbit.com/chevrolet.com,assets/placeholder.png
6500,2008.0,mazda,cx-9,excellent,,gas,180000.0,clean,automatic,4wd,SUV,blue,https://images.craigslist.org/01717_bqhQ20voGmdz_0CI0t2_600x450.jpg,oh,https://logo.clearbit.com/mazda.com,assets/placeholder.png
27990,2017.0,audi,a3 premium plus sedan 4d,good,,gas,19189.0,clean,other,,sedan,red,https://images.craigslist.org/00H0H_1Vyr9hVkDGSz_0gw0co_600x450.jpg,oh,https://logo.clearbit.com/audi.com,assets/placeholder.png
30917,2018.0,ram,pickup 1500,,8 cylinders,gas,35351.0,clean,automatic,rwd,pickup,red,https://images.craigslist.org/00L0L_e6sSVKOrIyOz_0ak07K_600x450.jpg,fl,https://logo.clearbit.com/ramtrucks.com,assets/placeholder.png
8500,2004.0,lexus,ls 430,excellent,8 cylinders,gas,92500.0,clean,automatic,rwd,sedan,blue,https://images.craigslist.org/00D0D_gYVTSD8fimJz_0CI0lN_600x450.jpg,ca,https://logo.clearbit.com/lexus.com,assets/placeholder.png
8950,2017.0,nissan,altima,,,gas,89000.0,rebuilt,automatic,,,,https://images.craigslist.org/00A0A_5sZLDrurmcOz_0fu0bC_600x450.jpg,ar,https://logo.clearbit.com/nissanusa.com,assets/placeholder.png
17990,2016.0,ford,focus,,,other,59877.0,clean,manual,fwd,hatchback,,https://images.craigslist.org/00s0s_1rUYEhpmstWz_0jm0gh_600x450.jpg,az,https://logo.clearbit.com/ford.com,assets/placeholder.png
3000,2002.0,ford,escape,good,4 cylinders,gas,200000.0,clean,manual,fwd,SUV,silver,https://images.craigslist.org/00n0n_lWdPdvOdXovz_0CI0t2_600x450.jpg,az,https://logo.clearbit.com/ford.com,assets/placeholder.png
4000,2004.0,mercedes-benz,c-class 2004,good,,gas,121400.0,salvage,automatic,4wd,sedan,black,https://images.craigslist.org/00s0s_1szRIY4IPDxz_0t20CI_600x450.jpg,mi,https://logo.clearbit.com/mercedes-benz.com,assets/placeholder.png
4000,2005.0,honda,crv,good,4 cylinders,gas,190000.0,clean,automatic,,,black,https://images.craigslist.org/00101_h6zBC6Zgjz2z_0lL0t2_600x450.jpg,wi,https://logo.clearbit.com/honda.com,assets/placeholder.png
28590,2019.0,lincoln,mkz sedan 4d,good,,gas,6770.0,clean,other,fwd,sedan,silver,https://images.craigslist.org/00R0R_jCyaOiO5YgDz_0gw0co_600x450.jpg,mn,https://logo.clearbit.com/lincoln.com,assets/placeholder.png
9900,2009.0,honda,pilot,,,gas,154000.0,clean,automatic,,,,https://images.craigslist.org/00S0S_hfqFr2CI7Urz_0CI0t2_600x450.jpg,wi,https://logo.clearbit.com/honda.com,assets/placeholder.png
4900,1997.0,ford,f-150 xlt,good,8 cylinders,gas,170555.0,clean,automatic,rwd,,white,https://images.craigslist.org/00y0y_8gh9N7q5OHdz_0CI0t2_600x450.jpg,ks,https://logo.clearbit.com/ford.com,assets/placeholder.png
22495,2015.0,audi,q7,,,gas,80638.0,clean,automatic,,other,white,https://images.craigslist.org/00z0z_5cYk9MgJGvOz_0gw0b1_600x450.jpg,ny,https://logo.clearbit.com/audi.com,assets/placeholder.png
19865,2017.0,fiat,spider 124,excellent,,gas,36380.0,clean,automatic,rwd,,,https://images.craigslist.org/00h0h_4ZjAPILzXPPz_09G07g_600x450.jpg,wa,https://logo.clearbit.com/fiat.com,assets/placeholder.png
3175,2008.0,saturn,aura xe,excellent,6 cylinders,gas,118107.0,clean,automatic,fwd,sedan,red,https://images.craigslist.org/00U0U_4DUfwfPq8sz_0CI0t2_600x450.jpg,mn,https://logo.clearbit.com/saturn.com,assets/placeholder.png
11600,2011.0,buick,enclave cxl,excellent,6 cylinders,gas,79000.0,clean,automatic,,,white,https://images.craigslist.org/00k0k_gp6Uc2YGA5kz_0CI0t2_600x450.jpg,va,https://logo.clearbit.com/buick.com,assets/placeholder.png
10795,2013.0,kia,sportage,like new,4 cylinders,gas,103627.0,clean,automatic,fwd,,silver,https://images.craigslist.org/00m0m_inmQKigUbrWz_0gw0co_600x450.jpg,la,https://logo.clearbit.com/kia.com,assets/placeholder.png
19019,2018.0,ford,escape,,,gas,37142.0,clean,automatic,4wd,,,https://images.craigslist.org/00g0g_eE3qdKc1eHqz_09Q07n_600x450.jpg,ia,https://logo.clearbit.com/ford.com,assets/placeholder.png
14980,2006.0,jeep,wrangler,,,gas,130950.0,clean,manual,4wd,other,black,https://images.craigslist.org/00V0V_ao3Po6j5i70z_0jm0ew_600x450.jpg,tx,https://logo.clearbit.com/jeep.com,assets/placeholder.png
5900,1998.0,mercedes-benz,benz ml320,excellent,6 cylinders,gas,78000.0,clean,automatic,4wd,,silver,https://images.craigslist.org/00909_gjDF5WnYkhbz_0CI0t2_600x450.jpg,ca,https://logo.clearbit.com/mercedes-benz.com,assets/placeholder.png
37500,2013.0,bmw,m5,,,gas,38500.0,clean,other,,,,https://images.craigslist.org/01313_idoUz7krb4ez_0CI0t2_600x450.jpg,ny,https://logo.clearbit.com/bmw.com,assets/placeholder.png
852,2021.0,cadillac,ct5 premium luxury,excellent,4 cylinders,gas,0.0,,automatic,,sedan,,https://images.craigslist.org/00k0k_1RqT0gRHrSZz_0fe0bq_600x450.jpg,mi,https://logo.clearbit.com/cadillac.com,assets/placeholder.png
30000,2017.0,ford,explorer r4507,,,gas,42953.0,clean,automatic,4wd,,white,https://images.craigslist.org/00505_ai3nm3PZjCBz_0a906K_600x450.jpg,mi,https://logo.clearbit.com/ford.com,assets/placeholder.png
37590,2019.0,lincoln,nautilus reserve sport,good,,gas,13919.0,clean,other,fwd,other,white,https://images.craigslist.org/01111_bVyKKtmKSKpz_0gw0co_600x450.jpg,wi,https://logo.clearbit.com/lincoln.com,assets/placeholder.png
1000,2010.0,infiniti,g37,,,gas,67000.0,clean,automatic,,,,https://images.craigslist.org/00N0N_8XIuUDlqIe2z_0CI0t2_600x450.jpg,fl,https://logo.clearbit.com/infiniti.com,assets/placeholder.png
3900,2014.0,chevrolet,camaro lt,,,gas,50571.0,rebuilt,manual,,,,https://images.craigslist.org/00l0l_3j8WbCh6nXyz_1320MM_600x450.jpg,ky,https://logo.clearbit.com/chevrolet.com,assets/placeholder.png
35999,2018.0,ford,f150 xlt xtr 4x4 half ton,,,gas,27789.0,clean,automatic,4wd,truck,black,https://images.craigslist.org/00E0E_d4GzjzhKTHxz_0jm0ew_600x450.jpg,id,https://logo.clearbit.com/ford.com,assets/placeholder.png
12500,2001.0,ford,f350,good,10 cylinders,gas,69110.0,clean,automatic,4wd,pickup,blue,https://images.craigslist.org/00b0b_hIvotBCyvcHz_0CI0t2_600x450.jpg,dc,https://logo.clearbit.com/ford.com,assets/placeholder.png
5999,2003.0,toyota,highlander limited,excellent,6 cylinders,gas,150000.0,clean,automatic,,,,https://images.craigslist.org/01212_cUsVkg5mUVc_0x20oM_600x450.jpg,nc,https://logo.clearbit.com/toyota.com,assets/placeholder.png
25000,2011.0,bmw,m3 coupe,excellent,8 cylinders,gas,96099.0,clean,automatic,rwd,coupe,black,https://images.craigslist.org/00909_guajNW2nArxz_0fu0bC_600x450.jpg,wi,https://logo.clearbit.com/bmw.com,assets/placeholder.png
5800,2010.0,toyota,prius hybrid,good,4 cylinders,hybrid,194000.0,clean,automatic,fwd,hatchback,black,https://images.craigslist.org/00202_4rVoKEEIXC5z_0CI0t2_600x450.jpg,ca,https://logo.clearbit.com/toyota.com,assets/placeholder.png
11995,2011.0,toyota,sienna,excellent,6 cylinders,gas,135412.0,clean,automatic,fwd,mini-van,black,https://images.craigslist.org/00T0T_h5bdNCQP7G9z_0cU09G_600x450.jpg,nc,https://logo.clearbit.com/toyota.com,assets/placeholder.png
16590,2016.0,mitsubishi,outlander se sport,good,,gas,63727.0,clean,other,,SUV,blue,https://images.craigslist.org/00N0N_1xMPvfxRAIdz_0gw0co_600x450.jpg,fl,https://logo.clearbit.com/mitsubishicars.com,assets/placeholder.png
18989,2014.0,bmw,5 series,,6 cylinders,diesel,78499.0,clean,automatic,,sedan,white,https://images.craigslist.org/00707_dfZ8wO6XEJOz_0kE0fs_600x450.jpg,tn,https://logo.clearbit.com/bmw.com,assets/placeholder.png
9495,2016.0,ford,fusion se,excellent,4 cylinders,gas,124000.0,clean,automatic,fwd,,,https://images.craigslist.org/00j0j_e528FG9OWjVz_0CI0t2_600x450.jpg,ky,https://logo.clearbit.com/ford.com,assets/placeholder.png
38999,1997.0,volkswagen,eurovan campmobile,,6 cylinders,gas,113591.0,clean,automatic,fwd,van,white,https://images.craigslist.org/00000_eiUxe4JNVT4z_0cU09G_600x450.jpg,or,https://logo.clearbit.com/vw.com,assets/placeholder.png
16990,2016.0,nissan,juke nismo sport utility,good,,gas,35298.0,clean,other,fwd,hatchback,black,https://images.craigslist.org/00T0T_32fl9kgzelLz_0gw0co_600x450.jpg,tx,https://logo.clearbit.com/nissanusa.com,assets/placeholder.png
29900,2017.0,ford,expedition platinum 4x4 gas,excellent,6 cylinders,gas,72849.0,rebuilt,automatic,4wd,SUV,white,https://images.craigslist.org/00M0M_9YZUUQ8dl7mz_0CI0t2_600x450.jpg,ga,https://logo.clearbit.com/ford.com,assets/placeholder.png
14995,2008.0,honda,pilot,excellent,6 cylinders,gas,53611.0,clean,automatic,4wd,SUV,silver,https://images.craigslist.org/00Y0Y_lVKW6sxxYKZz_0kE0fu_600x450.jpg,ca,https://logo.clearbit.com/honda.com,assets/placeholder.png
9999,2012.0,toyota,camry,,,gas,134513.0,clean,automatic,fwd,sedan,,https://images.craigslist.org/00d0d_1X4quZGEYNWz_0jm0ew_600x450.jpg,nh,https://logo.clearbit.com/toyota.com,assets/placeholder.png
35590,2011.0,dodge,challenger srt8 coupe 2d,good,8 cylinders,gas,16796.0,clean,other,rwd,coupe,green,https://images.craigslist.org/00P0P_25B5uUcC4Bwz_0gw0co_600x450.jpg,ky,https://logo.clearbit.com/dodge.com,assets/placeholder.png
1600,2000.0,ford,crown victoria,fair,8 cylinders,gas,162508.0,clean,automatic,,sedan,,https://images.craigslist.org/00H0H_1PM06FuhXHfz_0lN0CI_600x450.jpg,wa,https://logo.clearbit.com/ford.com,assets/placeholder.png
28989,2017.0,jaguar,f-pace,,4 cylinders,diesel,70941.0,clean,automatic,,SUV,white,https://images.craigslist.org/00u0u_cp2J9DusasCz_0kE0fs_600x450.jpg,tn,https://logo.clearbit.com/jaguar.com,assets/placeholder.png
40590,2019.0,ford,f250 super duty regular cab,good,8 cylinders,other,9313.0,clean,other,4wd,pickup,white,https://images.craigslist.org/01010_5JjwyfgNcrjz_0gw0co_600x450.jpg,va,https://logo.clearbit.com/ford.com,assets/placeholder.png
10495,2012.0,honda,cr-v,good,4 cylinders,gas,143765.0,clean,automatic,4wd,SUV,custom,https://images.craigslist.org/00c0c_hkPASD7pnpMz_0cU09G_600x450.jpg,ma,https://logo.clearbit.com/honda.com,assets/placeholder.png
45995,2018.0,audi,q7,good,6 cylinders,gas,42397.0,clean,automatic,4wd,SUV,white,https://images.craigslist.org/00U0U_a1sTylgPFJKz_09G07g_600x450.jpg,ia,https://logo.clearbit.com/audi.com,assets/placeholder.png
6900,2013.0,chevrolet,cruze,,,gas,83000.0,clean,automatic,,,white,https://images.craigslist.org/00V0V_fWGJvnitkm7z_0CI0t2_600x450.jpg,ny,https://logo.clearbit.com/chevrolet.com,assets/placeholder.png
25990,2018.0,lincoln,mkz premiere hybrid,good,,hybrid,17500.0,clean,other,fwd,sedan,silver,https://images.craigslist.org/00N0N_1xMPvfxRAIdz_0gw0co_600x450.jpg,ca,https://logo.clearbit.com/lincoln.com,assets/placeholder.png
8900,2012.0,chevrolet,sonic,excellent,4 cylinders,gas,80753.0,clean,automatic,fwd,sedan,grey,https://images.craigslist.org/01616_aNJtNhWFPzwz_0kE0fu_600x450.jpg,ca,https://logo.clearbit.com/chevrolet.com,assets/placeholder.png
23995,2011.0,gmc,sierra 1500 crew cab sle,excellent,8 cylinders,gas,55547.0,,automatic,,truck,,https://images.craigslist.org/00202_bF6OcZuNcycz_0fe0bq_600x450.jpg,ca,https://logo.clearbit.com/gmc.com,assets/placeholder.png
20000,2017.0,ford,fusion r4542,,,gas,12551.0,clean,automatic,fwd,,white,https://images.craigslist.org/00n0n_eiMQfxI0e9fz_0ak07N_600x450.jpg,mi,https://logo.clearbit.com/ford.com,assets/placeholder.png
18999,2012.0,toyota,highlander,excellent,,hybrid,112851.0,clean,automatic,4wd,SUV,,https://images.craigslist.org/00606_8fBx78Hjgzyz_0ak07K_600x450.jpg,ia,https://logo.clearbit.com/toyota.com,assets/placeholder.png
20500,2012.0,ford,f-150,excellent,6 cylinders,gas,150190.0,,other,4wd,truck,,https://images.craigslist.org/01717_78ITtcG5SCgz_0fe0bq_600x450.jpg,co,https://logo.clearbit.com/ford.com,assets/placeholder.png
51995,2017.0,ford,super duty f-250,excellent,8 cylinders,diesel,22199.0,clean,automatic,4wd,pickup,grey,https://images.craigslist.org/00O0O_akZxGGZmmV3z_0cU09G_600x450.jpg,il,https://logo.clearbit.com/ford.com,assets/placeholder.png
4500,1996.0,chevrolet,corvette,good,other,gas,111112.0,clean,manual,rwd,coupe,red,https://images.craigslist.org/00m0m_beOwZmU8xfUz_0ik0CI_600x450.jpg,mo,https://logo.clearbit.com/chevrolet.com,assets/placeholder.png
3900,2004.0,volvo,s80 2.5t,excellent,5 cylinders,gas,138000.0,clean,automatic,fwd,sedan,grey,https://images.craigslist.org/00c0c_2QK6Tib6jxNz_0CI0t2_600x450.jpg,wi,https://logo.clearbit.com/volvocars.com,assets/placeholder.png
13995,2015.0,nissan,rogue,excellent,,gas,85367.0,clean,automatic,4wd,wagon,red,https://images.craigslist.org/00202_9tngdNCvdFlz_0cU09G_600x450.jpg,ma,https://logo.clearbit.com/nissanusa.com,assets/placeholder.png
18995,2017.0,ford,escape,,,gas,31045.0,clean,automatic,fwd,SUV,,https://images.craigslist.org/00F0F_1Fcm6nNOFrPz_0ak07K_600x450.jpg,tx,https://logo.clearbit.com/ford.com,assets/placeholder.png
12875,2013.0,honda,odyssey ex-l,excellent,6 cylinders,gas,129000.0,clean,automatic,,,,https://images.craigslist.org/00u0u_cBqeXBXL2Ez_0CI0t2_600x450.jpg,tx,https://logo.clearbit.com/honda.com,assets/placeholder.png
9995,2009.0,toyota,rav4,,,gas,130088.0,clean,automatic,4wd,wagon,,https://images.craigslist.org/00X0X_5k3ZKZId7GMz_0ak07K_600x450.jpg,fl,https://logo.clearbit.com/toyota.com,assets/placeholder.png
19250,2014.0,subaru,xv crosstrek 2.0i premium,,4 cylinders,gas,65109.0,clean,automatic,4wd,wagon,black,https://images.craigslist.org/00M0M_2BbnM5yTaa9z_0ak07K_600x450.jpg,ca,https://logo.clearbit.com/subaru.com,assets/placeholder.png
3995,2008.0,ford,fusion,,4 cylinders,gas,167807.0,clean,automatic,fwd,sedan,blue,https://images.craigslist.org/00S0S_P08IuSHsEVz_0cU09G_600x450.jpg,mn,https://logo.clearbit.com/ford.com,assets/placeholder.png
20000,2016.0,mini,cooper clubman s,,,gas,21050.0,clean,automatic,,,,https://images.craigslist.org/00M0M_gEp498vAJpNz_0jm0ew_600x450.jpg,hi,https://logo.clearbit.com/miniusa.com,assets/placeholder.png
4475,1995.0,ford,crown victoria,excellent,8 cylinders,gas,103650.0,clean,automatic,rwd,sedan,custom,https://images.craigslist.org/00m0m_edBlPRaTNPpz_0ww0oo_600x450.jpg,ca,https://logo.clearbit.com/ford.com,assets/placeholder.png
21995,2017.0,audi,a3,,,gas,63021.0,clean,automatic,,other,white,https://images.craigslist.org/00v0v_i2Kdh4TftI6z_0gw0b0_600x450.jpg,tx,https://logo.clearbit.com/audi.com,assets/placeholder.png
39995,2015.0,ram,5500 tradesman,good,6 cylinders,diesel,91687.0,clean,automatic,rwd,pickup,white,https://images.craigslist.org/00A0A_l0R0xTwbNByz_0ak07K_600x450.jpg,ny,https://logo.clearbit.com/ramtrucks.com,assets/placeholder.png
36739,2018.0,toyota,tundra,excellent,8 cylinders,gas,75665.0,clean,automatic,rwd,truck,grey,https://images.craigslist.org/00l0l_fP58vsGYYAOz_0ak07K_600x450.jpg,az,https://logo.clearbit.com/toyota.com,assets/placeholder.png
34990,2018.0,ford,mustang gt premium,good,8 cylinders,gas,18650.0,clean,other,rwd,convertible,black,https://images.craigslist.org/00N0N_3UIW7jqJYo7z_0gw0co_600x450.jpg,mi,https://logo.clearbit.com/ford.com,assets/placeholder.png
39990,2019.0,chevrolet,silverado 1500 double,good,,gas,9802.0,clean,other,4wd,pickup,black,https://images.craigslist.org/00e0e_aG8kZPmJW8Ez_0gw0co_600x450.jpg,ny,https://logo.clearbit.com/chevrolet.com,assets/placeholder.png
21999,2014.0,dodge,durango limited awd gas,,,gas,95484.0,clean,automatic,4wd,SUV,grey,https://images.craigslist.org/00Q0Q_foxZUAFSWmVz_0jm0ew_600x450.jpg,wa,https://logo.clearbit.com/dodge.com,assets/placeholder.png
9000,2005.0,chevrolet,avalanche,excellent,8 cylinders,gas,153000.0,clean,automatic,rwd,truck,blue,https://images.craigslist.org/00808_lulV95ACTgzz_0CI0t2_600x450.jpg,fl,https://logo.clearbit.com/chevrolet.com,assets/placeholder.png
22900,2015.0,nissan,frontier,excellent,8 cylinders,gas,61219.0,rebuilt,automatic,4wd,,white,https://images.craigslist.org/00404_hTHmL60hmNf_0ne0hq_600x450.jpg,co,https://logo.clearbit.com/nissanusa.com,assets/placeholder.png
13800,2007.0,jeep,wrangler unlimited,excellent,6 cylinders,gas,182.0,clean,automatic,4wd,,black,https://images.craigslist.org/00S0S_97nVOO0GuG3z_0t20CI_600x450.jpg,fl,https://logo.clearbit.com/jeep.com,assets/placeholder.png
25590,2017.0,ford,mustang v6 convertible 2d,good,6 cylinders,gas,11325.0,clean,other,rwd,convertible,red,https://images.craigslist.org/00N0N_1xMPvfxRAIdz_0gw0co_600x450.jpg,pa,https://logo.clearbit.com/ford.com,assets/placeholder.png
6500,2003.0,chevrolet,silverado 1500,good,8 cylinders,gas,170000.0,clean,automatic,4wd,truck,grey,https://images.craigslist.org/01111_aAhw0MNgdnWz_0kE0fu_600x450.jpg,mn,https://logo.clearbit.com/chevrolet.com,assets/placeholder.png
15295,2011.0,jaguar,xf premium,,,gas,67858.0,clean,automatic,,,,https://images.craigslist.org/00M0M_igUofSKUUh3z_0CI0t2_600x450.jpg,il,https://logo.clearbit.com/jaguar.com,assets/placeholder.png
6995,2010.0,subaru,impreza,,,gas,107000.0,clean,automatic,,,,https://images.craigslist.org/00404_jICpoPQUpa0z_0CF0t2_600x450.jpg,id,https://logo.clearbit.com/subaru.com,assets/placeholder.png
515,2017.0,ram,1500 sport,,,gas,39255.0,clean,automatic,4wd,,,https://images.craigslist.org/00I0I_auVI4v2kmSXz_0gw0co_600x450.jpg,id,https://logo.clearbit.com/ramtrucks.com,assets/placeholder.png
21999,2010.0,chevrolet,silverado,,8 cylinders,other,117487.0,clean,automatic,4wd,pickup,blue,https://images.craigslist.org/00Q0Q_gWJFyrndKgfz_0ak07K_600x450.jpg,ak,https://logo.clearbit.com/chevrolet.com,assets/placeholder.png
8999,2016.0,hyundai,accent,excellent,,gas,81845.0,clean,automatic,fwd,,red,https://images.craigslist.org/01313_XlhUEcPrmkz_0cU09G_600x450.jpg,wi,https://logo.clearbit.com/hyundai.com,assets/placeholder.png
12500,2007.0,mercedes-benz,slk350,good,6 cylinders,gas,71528.0,clean,automatic,rwd,other,black,https://images.craigslist.org/01111_84vrCouVU5Dz_0ak07K_600x450.jpg,ca,https://logo.clearbit.com/mercedes-benz.com,assets/placeholder.png
29995,2016.0,toyota,tacoma,,6 cylinders,gas,69530.0,clean,automatic,rwd,,black,https://images.craigslist.org/00f0f_hWaZx4H7BTtz_0cU09G_600x450.jpg,tn,https://logo.clearbit.com/toyota.com,assets/placeholder.png
3900,2012.0,ford,fiesta se,,,gas,129300.0,clean,automatic,,,,https://images.craigslist.org/00t0t_2U11MvLYD4Bz_0CI0t2_600x450.jpg,ca,https://logo.clearbit.com/ford.com,assets/placeholder.png
2500,1997.0,ford,f-150,excellent,6 cylinders,gas,132000.0,clean,manual,rwd,pickup,red,https://images.craigslist.org/00l0l_9iOEE9hBtJIz_0CI0t2_600x450.jpg,ga,https://logo.clearbit.com/ford.com,assets/placeholder.png
4995,2008.0,chevrolet,equinox ls,good,,gas,135971.0,clean,automatic,fwd,,red,https://images.craigslist.org/00x0x_e1ZXIo54JH2z_0CI0t2_600x450.jpg,mn,https://logo.clearbit.com/chevrolet.com,assets/placeholder.png
30990,2018.0,lexus,nx 300h sport utility 4d,good,,hybrid,27205.0,clean,automatic,,hatchback,silver,https://images.craigslist.org/00s0s_l71vEWaowotz_0gw0co_600x450.jpg,ky,https://logo.clearbit.com/lexus.com,assets/placeholder.png
33990,2016.0,ford,f250 super duty cab xl,good,8 cylinders,gas,18380.0,clean,other,,pickup,white,https://images.craigslist.org/00N0N_1xMPvfxRAIdz_0gw0co_600x450.jpg,tx,https://logo.clearbit.com/ford.com,assets/placeholder.png
6950,2007.0,chevrolet,equinox ls,,,gas,137000.0,clean,automatic,,,,https://images.craigslist.org/00m0m_3q5K0DsqzsOz_0x20oM_600x450.jpg,pa,https://logo.clearbit.com/chevrolet.com,assets/placeholder.png
45300,2018.0,ram,3500 big horn,excellent,6 cylinders,diesel,34125.0,rebuilt,automatic,4wd,truck,black,https://images.craigslist.org/00202_3qWTWuAMfogz_0pO0jm_600x450.jpg,pa,https://logo.clearbit.com/ramtrucks.com,assets/placeholder.png
9995,2017.0,nissan,altima sv sedan,,,gas,92100.0,clean,automatic,,,,https://images.craigslist.org/00C0C_5TTBSJm2Xp7z_0CI0t2_600x450.jpg,nc,https://logo.clearbit.com/nissanusa.com,assets/placeholder.png
4995,2007.0,volvo,xc70,excellent,5 cylinders,gas,183000.0,clean,automatic,4wd,wagon,green,https://images.craigslist.org/00L0L_6G2QJVBSdhCz_0kE0dJ_600x450.jpg,nj,https://logo.clearbit.com/volvocars.com,assets/placeholder.png
10900,2016.0,kia,soul,like new,4 cylinders,gas,72486.0,clean,automatic,fwd,wagon,white,https://images.craigslist.org/01010_e0x3l8Vg0t8z_0ak07K_600x450.jpg,ma,https://logo.clearbit.com/kia.com,assets/placeholder.png
2500,2007.0,ford,explorer sport trac,good,8 cylinders,gas,163179.0,clean,automatic,rwd,truck,blue,https://images.craigslist.org/00C0C_80Wp8CUKiKdz_0bC08I_600x450.jpg,nc,https://logo.clearbit.com/ford.com,assets/placeholder.png
1100,1995.0,jeep,grand cherokee limited 4wd,fair,8 cylinders,gas,234008.0,clean,automatic,4wd,SUV,,https://images.craigslist.org/00G0G_qQXJuLTpY4z_0CI0hS_600x450.jpg,or,https://logo.clearbit.com/jeep.com,assets/placeholder.png
17995,2011.0,ram,1500 crew cab,,,gas,161015.0,clean,automatic,,,,https://images.craigslist.org/00I0I_5qYv3LKQ1Pw_0CI0t2_600x450.jpg,or,https://logo.clearbit.com/ramtrucks.com,assets/placeholder.png
4800,2001.0,toyota,tacoma,good,4 cylinders,gas,210000.0,clean,manual,4wd,,,https://images.craigslist.org/00J0J_aNDc4u23sZiz_0CI0t2_600x450.jpg,va,https://logo.clearbit.com/toyota.com,assets/placeholder.png
5800,2011.0,nissan,rogue,excellent,4 cylinders,gas,171068.0,clean,automatic,fwd,SUV,black,https://images.craigslist.org/00V0V_4j7iY8oJgSUz_0CI0t2_600x450.jpg,az,https://logo.clearbit.com/nissanusa.com,assets/placeholder.png
3700,2003.0,jeep,liberty limited 4wd,good,,gas,149500.0,clean,automatic,4wd,,,https://images.craigslist.org/01111_9pA2xEfSB7xz_0CI0t2_600x450.jpg,dc,https://logo.clearbit.com/jeep.com,assets/placeholder.png
3900,2008.0,nissan,quest,like new,6 cylinders,gas,12345.0,clean,automatic,fwd,mini-van,blue,https://images.craigslist.org/00t0t_8AyS6lByRzpz_0t10CI_600x450.jpg,wa,https://logo.clearbit.com/nissanusa.com,assets/placeholder.png
12495,2015.0,volkswagen,jetta,excellent,4 cylinders,gas,56791.0,clean,automatic,fwd,sedan,silver,https://images.craigslist.org/00R0R_ixPDNpuXDmt_07K05O_600x450.jpg,ct,https://logo.clearbit.com/vw.com,assets/placeholder.png
23990,2017.0,ford,explorer,,,gas,92034.0,clean,automatic,4wd,SUV,black,https://images.craigslist.org/00l0l_aZeMIcWYz6Pz_0jm0ew_600x450.jpg,nh,https://logo.clearbit.com/ford.com,assets/placeholder.png
16999,2011.0,chevrolet,silverado,excellent,8 cylinders,gas,136200.0,clean,automatic,4wd,pickup,green,https://images.craigslist.org/00W0W_7AHyOh4722Jz_0kP0fp_600x450.jpg,nh,https://logo.clearbit.com/chevrolet.com,assets/placeholder.png
36999,2015.0,ford,f-150 xlt supercrew,like new,6 cylinders,gas,15609.0,clean,automatic,4wd,truck,red,https://images.craigslist.org/00f0f_gYhEakq9QuTz_0CI0t2_600x450.jpg,mn,https://logo.clearbit.com/ford.com,assets/placeholder.png
24950,2015.0,ford,f-350 super duty,,8 cylinders,gas,136377.0,clean,automatic,rwd,other,white,https://images.craigslist.org/00p0p_2k4uhEuutXOz_0gw0co_600x450.jpg,ks,https://logo.clearbit.com/ford.com,assets/placeholder.png
7995,2010.0,toyota,corolla le,,4 cylinders,gas,42100.0,clean,automatic,,sedan,black,https://images.craigslist.org/00O0O_adFgv8Hgbfdz_08e05u_600x450.jpg,il,https://logo.clearbit.com/toyota.com,assets/placeholder.png
27590,2020.0,hyundai,santa fe 2.4 sel sport,good,,gas,17264.0,clean,other,,SUV,blue,https://images.craigslist.org/00B0B_6sEaMWjQzs4z_0gw0co_600x450.jpg,ct,https://logo.clearbit.com/hyundai.com,assets/placeholder.png
3495,2005.0,chrysler,pt cruiser,excellent,4 cylinders,gas,91000.0,clean,automatic,fwd,hatchback,white,https://images.craigslist.org/01010_cR0RkJ4V8Imz_0CI0t1_600x450.jpg,fl,https://logo.clearbit.com/chrysler.com,assets/placeholder.png
26980,2011.0,ford,f-250,,,gas,44266.0,clean,automatic,fwd,pickup,white,https://images.craigslist.org/00808_egQO2ELqzoRz_0ak07J_600x450.jpg,ca,https://logo.clearbit.com/ford.com,assets/placeholder.png
20998,2011.0,ram,1500 laramie,,,gas,132073.0,clean,automatic,,,,https://images.craigslist.org/00I0I_kYG1txY24paz_0CI0t2_600x450.jpg,va,https://logo.clearbit.com/ramtrucks.com,assets/placeholder.png
26500,2012.0,ford,f250 crew cab 4x4,excellent,8 cylinders,gas,87770.0,clean,automatic,4wd,truck,white,https://images.craigslist.org/00F0F_9J7lQRzlbSyz_0t20CI_600x450.jpg,wi,https://logo.clearbit.com/ford.com,assets/placeholder.png
6900,2005.0,bmw,x5 4.4i,good,8 cylinders,gas,124.0,clean,automatic,4wd,SUV,silver,https://images.craigslist.org/00v0v_iZ5VZl56gf2z_0xS0po_600x450.jpg,wa,https://logo.clearbit.com/bmw.com,assets/placeholder.png
9995,2017.0,chevrolet,sonic,,,gas,112214.0,clean,automatic,,sedan,black,https://images.craigslist.org/00E0E_aH5mNglvG3gz_0jm0ew_600x450.jpg,ms,https://logo.clearbit.com/chevrolet.com,assets/placeholder.png
31995,2014.0,jeep,wrangler unlimited sahara lifted,,6 cylinders,gas,100169.0,clean,automatic,4wd,SUV,black,https://images.craigslist.org/00H0H_dc8kGimBAAQz_0cU09G_600x450.jpg,co,https://logo.clearbit.com/jeep.com,assets/placeholder.png
32990,2014.0,jeep,wrangler unlimited sahara,like new,6 cylinders,gas,58559.0,clean,automatic,4wd,,,https://images.craigslist.org/00x0x_ioQ1mMVHEKXz_0CI0t2_600x450.jpg,ks,https://logo.clearbit.com/jeep.com,assets/placeholder.png
21499,2015.0,toyota,sienna,excellent,6 cylinders,gas,68000.0,clean,automatic,fwd,van,blue,https://images.craigslist.org/00T0T_cIRAylIStHKz_0CI0t2_600x450.jpg,ak,https://logo.clearbit.com/toyota.com,assets/placeholder.png
22990,2014.0,infiniti,qx80,excellent,8 cylinders,gas,145475.0,clean,automatic,4wd,SUV,silver,https://images.craigslist.org/00101_kjCvFc5uuSwz_09G07g_600x450.jpg,ia,https://logo.clearbit.com/infiniti.com,assets/placeholder.png
14975,2015.0,hyundai,tucson,,4 cylinders,gas,43160.0,clean,automatic,,SUV,blue,https://images.craigslist.org/00S0S_bKLKTrq5T2z_0kE0dK_600x450.jpg,fl,https://logo.clearbit.com/hyundai.com,assets/placeholder.png
9000,2006.0,nissan,titan,good,8 cylinders,gas,99000.0,clean,automatic,4wd,pickup,red,https://images.craigslist.org/00s0s_gmNB5s71W42z_0CI0t2_600x450.jpg,pa,https://logo.clearbit.com/nissanusa.com,assets/placeholder.png
8250,2014.0,chevrolet,cruze lt,like new,4 cylinders,gas,44.0,clean,automatic,fwd,sedan,blue,https://images.craigslist.org/00x0x_ayrRA4KTwJuz_0gw08Q_600x450.jpg,pa,https://logo.clearbit.com/chevrolet.com,assets/placeholder.png
29990,2012.0,mercedes-benz,c-class c 63 amg,good,,other,95762.0,clean,other,,coupe,black,https://images.craigslist.org/00W0W_1Sa8H0fcXS1z_0gw0co_600x450.jpg,oh,https://logo.clearbit.com/mercedes-benz.com,assets/placeholder.png
25000,2013.0,subaru,impreza wrx,excellent,,gas,78000.0,clean,manual,,,,https://images.craigslist.org/00808_atdEOaKGdS8z_0CI0pO_600x450.jpg,nm,https://logo.clearbit.com/subaru.com,assets/placeholder.png
39999,2015.0,ford,f250 super duty platinum,,,gas,149130.0,clean,automatic,,,,https://images.craigslist.org/00W0W_k9OPJkNW2FOz_0cU09G_600x450.jpg,mo,https://logo.clearbit.com/ford.com,assets/placeholder.png
12345,2003.0,chevrolet,duramax,,,gas,99000.0,clean,manual,,,,https://images.craigslist.org/00w0w_kZZmfS18aDnz_0t90mg_600x450.jpg,tx,https://logo.clearbit.com/chevrolet.com,assets/placeholder.png
6800,2011.0,chevrolet,express 2500,good,8 cylinders,gas,190000.0,clean,automatic,,van,,https://images.craigslist.org/00x0x_aCNm3jiPmvAz_0t20CI_600x450.jpg,in,https://logo.clearbit.com/chevrolet.com,assets/placeholder.png
42995,2011.0,ford,super duty f-450 drw xl,good,8 cylinders,diesel,119452.0,clean,automatic,rwd,pickup,white,https://images.craigslist.org/00x0x_68MhCJ0bezLz_0ak07K_600x450.jpg,ny,https://logo.clearbit.com/ford.com,assets/placeholder.png
4495,2006.0,chrysler,pacifica,good,6 cylinders,gas,159462.0,clean,automatic,fwd,SUV,blue,https://images.craigslist.org/00H0H_fk05W2EdIy5z_0CI0t2_600x450.jpg,co,https://logo.clearbit.com/chrysler.com,assets/placeholder.png
18988,2012.0,chevrolet,silverado 1500 lt,excellent,8 cylinders,gas,138000.0,,automatic,4wd,truck,,https://images.craigslist.org/00303_c8PXAVyL8tWz_0fe0bq_600x450.jpg,il,https://logo.clearbit.com/chevrolet.com,assets/placeholder.png
34590,2019.0,bmw,3 series 330i xdrive sedan,good,,other,7460.0,clean,other,,sedan,black,https://images.craigslist.org/00m0m_ixIHwjBupmXz_0gw0co_600x450.jpg,ny,https://logo.clearbit.com/bmw.com,assets/placeholder.png
35000,2017.0,lexus,rx350 awd,good,6 cylinders,gas,59988.0,clean,automatic,4wd,SUV,white,https://images.craigslist.org/00Z0Z_iW4GrrzdQrRz_0kE0fu_600x450.jpg,ga,https://logo.clearbit.com/lexus.com,assets/placeholder.png
13119,2013.0,buick,verano premium group,good,,other,100896.0,clean,automatic,fwd,hatchback,black,https://images.craigslist.org/00g0g_9swunQupMRWz_0ak07K_600x450.jpg,ia,https://logo.clearbit.com/buick.com,assets/placeholder.png
26900,2018.0,honda,accord,,4 cylinders,gas,32151.0,clean,automatic,fwd,sedan,white,https://images.craigslist.org/00j0j_2pkLdEpEyF8z_0ak07K_600x450.jpg,nc,https://logo.clearbit.com/honda.com,assets/placeholder.png
19500,2010.0,chevrolet,silverado 2500hd,,,gas,125038.0,clean,automatic,,,red,https://images.craigslist.org/00z0z_jtBI4rhDIyqz_0t20CI_600x450.jpg,ca,https://logo.clearbit.com/chevrolet.com,assets/placeholder.png
6995,2013.0,kia,sorento,excellent,4 cylinders,gas,155000.0,clean,automatic,fwd,SUV,silver,https://images.craigslist.org/00202_bi9RuawwgoBz_0fu0bC_600x450.jpg,ok,https://logo.clearbit.com/kia.com,assets/placeholder.png
2000,2010.0,toyota,prius,good,4 cylinders,hybrid,278000.0,clean,automatic,fwd,hatchback,blue,https://images.craigslist.org/01010_8P9M5q2MCb3z_0lM0t2_600x450.jpg,mo,https://logo.clearbit.com/toyota.com,assets/placeholder.png
5500,2012.0,ford,focus,good,4 cylinders,gas,155920.0,clean,automatic,fwd,hatchback,white,https://images.craigslist.org/00k0k_lnsRbsFyiPAz_07K0ak_600x450.jpg,ar,https://logo.clearbit.com/ford.com,assets/placeholder.png
9995,2007.0,nissan,armada,,,gas,159450.0,clean,automatic,,,,https://images.craigslist.org/00F0F_bMlPNcA5XMwz_0CI0t2_600x450.jpg,fl,https://logo.clearbit.com/nissanusa.com,assets/placeholder.png
24999,2006.0,ram,pickup 3500 laramie 4x,,,diesel,168035.0,clean,automatic,,,,https://images.craigslist.org/00Q0Q_k9AVb1YUgsJz_0gw0co_600x450.jpg,or,https://logo.clearbit.com/ramtrucks.com,assets/placeholder.png
21900,1991.0,mercedes-benz,560 sel,like new,8 cylinders,gas,50508.0,clean,automatic,,,,https://images.craigslist.org/01515_9IYXwRzWLRz_0CI0iP_600x450.jpg,co,https://logo.clearbit.com/mercedes-benz.com,assets/placeholder.png
9999,2010.0,lexus,is250 awd,excellent,,gas,100267.0,clean,automatic,,,,https://images.craigslist.org/01111_dCn8hLlRDq2z_0aw07O_600x450.jpg,mn,https://logo.clearbit.com/lexus.com,assets/placeholder.png
5500,2008.0,subaru,legacy 2.5i,excellent,4 cylinders,gas,177256.0,clean,automatic,4wd,sedan,blue,https://images.craigslist.org/00Z0Z_7NhIh2TAsouz_0CI0t2_600x450.jpg,ny,https://logo.clearbit.com/subaru.com,assets/placeholder.png
27986,2014.0,nissan,titan,,8 cylinders,gas,43325.0,clean,automatic,rwd,pickup,white,https://images.craigslist.org/00909_57J0dv7zWgjz_0ak07K_600x450.jpg,nv,https://logo.clearbit.com/nissanusa.com,assets/placeholder.png
1500,2015.0,nissan,rogue,,,gas,100000.0,clean,automatic,,,,https://images.craigslist.org/00303_4fzpRjZccJRz_0hY0do_600x450.jpg,fl,https://logo.clearbit.com/nissanusa.com,assets/placeholder.png
7999,2012.0,nissan,altima,,,gas,150340.0,clean,automatic,,,,https://images.craigslist.org/00808_fXrC7OIYCu1z_0CI0t2_600x450.jpg,la,https://logo.clearbit.com/nissanusa.com,assets/placeholder.png
33995,2019.0,chrysler,pacifica hybrid,,6 cylinders,other,7357.0,clean,automatic,fwd,van,blue,https://images.craigslist.org/00606_4rkzKoedjXcz_0ak07K_600x450.jpg,nv,https://logo.clearbit.com/chrysler.com,assets/placeholder.png
25590,2018.0,mitsubishi,outlander phev sel,good,,other,16495.0,clean,other,4wd,other,brown,https://images.craigslist.org/00D0D_d5JfzaDxfBhz_0gw0co_600x450.jpg,ct,https://logo.clearbit.com/mitsubishicars.com,assets/placeholder.png
74999,2018.0,ford,f350 powerstroke lariat,,,diesel,30844.0,clean,automatic,4wd,truck,grey,https://images.craigslist.org/00909_75q1p6R2h0Cz_0jm0ew_600x450.jpg,or,https://logo.clearbit.com/ford.com,assets/placeholder.png
40995,2016.0,gmc,sierra,,,gas,71767.0,clean,automatic,4wd,pickup,red,https://images.craigslist.org/00S0S_dsbJXwY9koLz_0fP0bS_600x450.jpg,nh,https://logo.clearbit.com/gmc.com,assets/placeholder.png
8995,2016.0,dodge,dart,excellent,4 cylinders,gas,109365.0,clean,automatic,fwd,sedan,,https://images.craigslist.org/00z0z_ih6sWNAyYiGz_0ak07K_600x450.jpg,ia,https://logo.clearbit.com/dodge.com,assets/placeholder.png
6400,2010.0,ford,fusion sel,excellent,6 cylinders,gas,80000.0,clean,automatic,,,black,https://images.craigslist.org/00606_h7s5sPb1G3zz_0CI0t2_600x450.jpg,ca,https://logo.clearbit.com/ford.com,assets/placeholder.png
4500,2003.0,mercedes-benz,benz e320,good,6 cylinders,gas,204487.0,clean,automatic,rwd,sedan,black,https://images.craigslist.org/00202_f7j49EcF6ifz_0CI0t2_600x450.jpg,tx,https://logo.clearbit.com/mercedes-benz.com,assets/placeholder.png
30590,2020.0,ford,ranger supercab xl pickup,good,,gas,10740.0,clean,other,,pickup,,https://images.craigslist.org/00q0q_dOtQ5ubhEMiz_0gw0co_600x450.jpg,az,https://logo.clearbit.com/ford.com,assets/placeholder.png
8000,2011.0,cadillac,dts,excellent,8 cylinders,gas,124000.0,clean,automatic,,,,https://images.craigslist.org/01414_1ZWNJ56B05zz_0CI0t2_600x450.jpg,tx,https://logo.clearbit.com/cadillac.com,assets/placeholder.png
10996,2015.0,kia,sportage,good,4 cylinders,gas,95050.0,clean,automatic,4wd,wagon,blue,https://images.craigslist.org/00505_gfvPgqW1lVsz_0kE0fu_600x450.jpg,vt,https://logo.clearbit.com/kia.com,assets/placeholder.png
9000,2010.0,volkswagen,routan se,excellent,6 cylinders,gas,169400.0,clean,automatic,fwd,mini-van,white,https://images.craigslist.org/00D0D_k1kjNk1pm7Uz_0t20CI_600x450.jpg,mn,https://logo.clearbit.com/vw.com,assets/placeholder.png
17900,2020.0,nissan,rogue sv,,,gas,51000.0,clean,automatic,4wd,SUV,black,https://images.craigslist.org/00101_jwkCpZcojlVz_0ak07L_600x450.jpg,mi,https://logo.clearbit.com/nissanusa.com,assets/placeholder.png
20708,2017.0,buick,enclave,excellent,,gas,95315.0,clean,automatic,4wd,SUV,,https://images.craigslist.org/00w0w_lSKbr7KJyEKz_09G07g_600x450.jpg,wi,https://logo.clearbit.com/buick.com,assets/placeholder.png
23990,2015.0,cadillac,srx luxury collection,good,,other,57304.0,clean,other,fwd,SUV,,https://images.craigslist.org/00N0N_kOpY59y0Kmez_0gw0co_600x450.jpg,md,https://logo.clearbit.com/cadillac.com,assets/placeholder.png
9600,2012.0,ford,f150,excellent,8 cylinders,gas,1.0,clean,automatic,rwd,pickup,white,https://images.craigslist.org/00p0p_4Agx8dBTnPMz_0CI0t2_600x450.jpg,oh,https://logo.clearbit.com/ford.com,assets/placeholder.png
5995,2003.0,mitsubishi,montero,excellent,6 cylinders,gas,162129.0,clean,automatic,4wd,SUV,brown,https://images.craigslist.org/01717_7ae9wuYyRPqz_0ww0oo_600x450.jpg,tx,https://logo.clearbit.com/mitsubishicars.com,assets/placeholder.png
59999,2015.0,gmc,sierra durmax 3500 denali,,,diesel,40778.0,clean,automatic,4wd,truck,white,https://images.craigslist.org/00i0i_5XlZqDxPWjDz_0jm0ew_600x450.jpg,wa,https://logo.clearbit.com/gmc.com,assets/placeholder.png
5499,2013.0,chevrolet,cruze,,,gas,121066.0,clean,automatic,,sedan,blue,https://images.craigslist.org/00p0p_g9MZE6HUdh9z_0ak07K_600x450.jpg,nj,https://logo.clearbit.com/chevrolet.com,assets/placeholder.png
15989,2013.0,ford,e-350sd,,,,182857.0,clean,automatic,rwd,truck,white,https://images.craigslist.org/00t0t_c5jcCvDjp6Gz_0gw0co_600x450.jpg,va,https://logo.clearbit.com/ford.com,assets/placeholder.png
5500,2010.0,honda,odyssey ex-l w/dvd w/navi,good,6 cylinders,gas,200025.0,clean,automatic,fwd,mini-van,silver,https://images.craigslist.org/00x0x_a38hjJX6UWiz_0t20CI_600x450.jpg,tn,https://logo.clearbit.com/honda.com,assets/placeholder.png
36990,2017.0,bmw,x5 xdrive35i sport utility,good,,other,23898.0,clean,other,,SUV,white,https://images.craigslist.org/00P0P_ci96nP0lma1z_0gw0co_600x450.jpg,il,https://logo.clearbit.com/bmw.com,assets/placeholder.png
8950,2005.0,audi,tt,like new,4 cylinders,gas,70000.0,clean,automatic,rwd,convertible,silver,https://images.craigslist.org/00p0p_5QCSJLJ3Qu7z_0CI0t2_600x450.jpg,ms,https://logo.clearbit.com/audi.com,assets/placeholder.png
18500,2006.0,toyota,landcruiser,excellent,8 cylinders,gas,238000.0,clean,automatic,4wd,SUV,blue,https://images.craigslist.org/00j0j_aKTc3yqaWR7z_0bC0fu_600x450.jpg,co,https://logo.clearbit.com/toyota.com,assets/placeholder.png
4500,2008.0,ford,e250 econoline cargo van,fair,8 cylinders,gas,130155.0,clean,automatic,rwd,van,white,https://images.craigslist.org/00L0L_lKhSLdMN8Rz_0t20CI_600x450.jpg,oh,https://logo.clearbit.com/ford.com,assets/placeholder.png
7999,2015.0,chevrolet,cruze 2lt auto 4dr,excellent,4 cylinders,gas,112443.0,clean,automatic,fwd,sedan,red,https://images.craigslist.org/00k0k_eHQqItXYSJ7_0aw07O_600x450.jpg,ks,https://logo.clearbit.com/chevrolet.com,assets/placeholder.png
8250,2010.0,honda,odyssey,,,gas,131081.0,clean,automatic,,mini-van,silver,https://images.craigslist.org/00L0L_hHfkO1TjhG7z_0ak07K_600x450.jpg,va,https://logo.clearbit.com/honda.com,assets/placeholder.png
23990,2014.0,audi,s5 premium plus coupe 2d,good,,other,89664.0,clean,other,,coupe,white,https://images.craigslist.org/01010_5e5sLoiv2yGz_0gw0co_600x450.jpg,ca,https://logo.clearbit.com/audi.com,assets/placeholder.png
10500,2006.0,lexus,is 250,excellent,,gas,124469.0,clean,automatic,rwd,sedan,blue,https://images.craigslist.org/00z0z_cNLFR9Xo2J3z_0cU07g_600x450.jpg,ca,https://logo.clearbit.com/lexus.com,assets/placeholder.png
7695,2006.0,toyota,avalon xls,,,gas,73437.0,clean,automatic,fwd,sedan,,https://images.craigslist.org/00s0s_9aDmzQomcv3z_0kE0dL_600x450.jpg,fl,https://logo.clearbit.com/toyota.com,assets/placeholder.png
6000,2015.0,nissan,versa note,excellent,4 cylinders,gas,94900.0,clean,automatic,fwd,hatchback,red,https://images.craigslist.org/01212_8hmkaMppp3oz_0pO0jm_600x450.jpg,sc,https://logo.clearbit.com/nissanusa.com,assets/placeholder.png
34990,2018.0,ram,1500 quad cab big horn,good,6 cylinders,other,22064.0,clean,other,4wd,pickup,silver,https://images.craigslist.org/00P0P_egjxZcIzHczz_0gw0co_600x450.jpg,ny,https://logo.clearbit.com/ramtrucks.com,assets/placeholder.png
9999,2012.0,hyundai,veloster,,4 cylinders,gas,88103.0,clean,automatic,fwd,coupe,yellow,https://images.craigslist.org/00k0k_5AqEsxheW8z_0ak07X_600x450.jpg,ak,https://logo.clearbit.com/hyundai.com,assets/placeholder.png
13950,2007.0,chevrolet,suburban,excellent,,gas,135700.0,clean,automatic,,SUV,blue,https://images.craigslist.org/00W0W_12ppBNZWKWZz_10a0qY_600x450.jpg,fl,https://logo.clearbit.com/chevrolet.com,assets/placeholder.png
14999,2014.0,jeep,grand cherokee limited,like new,8 cylinders,gas,119550.0,clean,automatic,rwd,SUV,blue,https://images.craigslist.org/00505_gTR5Sl9eNir_0CI0pO_600x450.jpg,fl,https://logo.clearbit.com/jeep.com,assets/placeholder.png
2900,2004.0,chevrolet,suburban,good,,gas,270000.0,clean,automatic,,SUV,,https://images.craigslist.org/00h0h_daFuE5sDkJKz_0CI0lM_600x450.jpg,ca,https://logo.clearbit.com/chevrolet.com,assets/placeholder.png
7950,2007.0,chevrolet,tahoe lt,good,8 cylinders,gas,208000.0,clean,automatic,rwd,SUV,grey,https://images.craigslist.org/00P0P_jgGYl7mk4qyz_0CI0t2_600x450.jpg,al,https://logo.clearbit.com/chevrolet.com,assets/placeholder.png
30590,2018.0,audi,q5 premium plus sport,good,,other,47436.0,clean,other,,SUV,black,https://images.craigslist.org/01111_2LNx3QQrgt6z_0gw0co_600x450.jpg,ny,https://logo.clearbit.com/audi.com,assets/placeholder.png
20443,2013.0,rover,evoque,,,gas,101028.0,clean,automatic,4wd,,black,https://images.craigslist.org/01111_4xCGdlATSNgz_09H06l_600x450.jpg,ca,https://logo.clearbit.com/landrover.com,assets/placeholder.png
4500,2008.0,honda,civic coupe ex,excellent,4 cylinders,gas,142000.0,rebuilt,automatic,fwd,coupe,black,https://images.craigslist.org/00R0R_7LaeGGkzKfMz_0CI0t2_600x450.jpg,ar,https://logo.clearbit.com/honda.com,assets/placeholder.png
30000,2010.0,chevrolet,corvette,like new,8 cylinders,gas,24324.0,clean,manual,rwd,coupe,black,https://images.craigslist.org/01313_5v1aiNX37rwz_1320ti_600x450.jpg,co,https://logo.clearbit.com/chevrolet.com,assets/placeholder.png
7985,2005.0,toyota,highlander,excellent,6 cylinders,gas,120061.0,clean,automatic,4wd,SUV,black,https://images.craigslist.org/00d0d_6m8ZS0O0t6sz_0kE0fu_600x450.jpg,ky,https://logo.clearbit.com/toyota.com,assets/placeholder.png
51990,2018.0,cadillac,escalade esv premium,good,8 cylinders,other,72367.0,clean,automatic,4wd,SUV,black,https://images.craigslist.org/00w0w_iwYtYHkitkRz_0gw0co_600x450.jpg,tx,https://logo.clearbit.com/cadillac.com,assets/placeholder.png
6800,2016.0,nissan,versa,,,gas,87000.0,clean,automatic,,,,https://images.craigslist.org/00O0O_dSp4TDXDdnyz_0CI0t2_600x450.jpg,ca,https://logo.clearbit.com/nissanusa.com,assets/placeholder.png
38590,2019.0,ram,1500 crew cab big horn,good,6 cylinders,gas,28556.0,clean,other,4wd,pickup,white,https://images.craigslist.org/00k0k_5uBzZTLETdRz_0gw0co_600x450.jpg,ny,https://logo.clearbit.com/ramtrucks.com,assets/placeholder.png
13995,2005.0,chevrolet,silverado 1500 ls 4dr crew cab ls,,8 cylinders,gas,110907.0,clean,automatic,4wd,pickup,silver,https://images.craigslist.org/00d0d_6Jna4mgmw85z_0cU07V_600x450.jpg,wi,https://logo.clearbit.com/chevrolet.com,assets/placeholder.png
33990,2020.0,lexus,ux 250h sport utility 4d,good,,other,5329.0,clean,other,,hatchback,red,https://images.craigslist.org/01414_7hPheCq4i1Sz_0gw0co_600x450.jpg,tn,https://logo.clearbit.com/lexus.com,assets/placeholder.png
55449,2019.0,ram,1500,,,gas,5529.0,clean,automatic,4wd,,,https://images.craigslist.org/00D0D_jCzDCZTHuTLz_09A06Z_600x450.jpg,ca,https://logo.clearbit.com/ramtrucks.com,assets/placeholder.png
36990,2013.0,mercedes-benz,c-class c 63 amg,good,8 cylinders,gas,60708.0,clean,automatic,rwd,sedan,black,https://images.craigslist.org/00Y0Y_dPK0VUAvDkMz_0gw0co_600x450.jpg,mi,https://logo.clearbit.com/mercedes-benz.com,assets/placeholder.png
5900,2005.0,honda,cr-v ex,,,gas,153000.0,clean,automatic,,,black,https://images.craigslist.org/00c0c_Vc79JEgZwGz_0CI0t2_600x450.jpg,oh,https://logo.clearbit.com/honda.com,assets/placeholder.png
24997,2005.0,toyota,"tundra sr5 4dr 1-oregon owner*0-rust*never off road*new timing belt&water pump*new bilstein-toytec lift*new 33"" yokohama geolanders*new oem 17""toyota wheels*leer canopy",,8 cylinders,gas,109562.0,clean,automatic,4wd,pickup,white,https://images.craigslist.org/00x0x_djhO06i75Uz_0kE0dL_600x450.jpg,tx,https://logo.clearbit.com/toyota.com,assets/placeholder.png
16000,2016.0,cadillac,cts,like new,6 cylinders,gas,66018.0,rebuilt,automatic,fwd,sedan,custom,https://images.craigslist.org/00Z0Z_axa1tDJnywBz_0CI0sC_600x450.jpg,tx,https://logo.clearbit.com/cadillac.com,assets/placeholder.png
4495,2007.0,dodge,caravan,,6 cylinders,gas,124709.0,clean,automatic,fwd,van,blue,https://images.craigslist.org/00c0c_ljNyZ9Geqghz_0ak07K_600x450.jpg,tn,https://logo.clearbit.com/dodge.com,assets/placeholder.png
10000,2014.0,jeep,cherokee,like new,6 cylinders,gas,189721.0,clean,automatic,4wd,SUV,grey,https://images.craigslist.org/00x0x_7HEAns3NBwoz_0k20ad_600x450.jpg,wv,https://logo.clearbit.com/jeep.com,assets/placeholder.png
38975,2017.0,chevrolet,silverado 1500,,8 cylinders,,62522.0,clean,automatic,4wd,pickup,black,https://images.craigslist.org/00P0P_9n3ouwEbzQUz_0kE0dM_600x450.jpg,fl,https://logo.clearbit.com/chevrolet.com,assets/placeholder.png
5850,2005.0,cadillac,deville,good,,gas,74000.0,clean,automatic,fwd,,black,https://images.craigslist.org/00O0O_3S3cwxL1ECwz_0t20CI_600x450.jpg,va,https://logo.clearbit.com/cadillac.com,assets/placeholder.png
19999,2016.0,bmw,2 series,,4 cylinders,gas,50208.0,clean,automatic,rwd,coupe,black,https://images.craigslist.org/00A0A_iCkvsD923Ckz_0ak07K_600x450.jpg,al,https://logo.clearbit.com/bmw.com,assets/placeholder.png
28590,2020.0,infiniti,q50 3.0t luxe sedan 4d,good,,other,24253.0,clean,other,,sedan,blue,https://images.craigslist.org/00808_9OOgqJ8BFCcz_0gw0co_600x450.jpg,nc,https://logo.clearbit.com/infiniti.com,assets/placeholder.png
63000,2021.0,toyota,tundra,new,8 cylinders,gas,1800.0,lien,automatic,4wd,pickup,grey,https://images.craigslist.org/00n0n_7ZTDdR0Et7Mz_0ak07K_600x450.jpg,id,https://logo.clearbit.com/toyota.com,assets/placeholder.png
5500,2002.0,acura,3.2 tl- type s,,,gas,150195.0,clean,automatic,,,,https://images.craigslist.org/00101_1trggJDjkDmz_0CI0t2_600x450.jpg,pa,https://logo.clearbit.com/acura.com,assets/placeholder.png
2000,2002.0,ford,escape,good,6 cylinders,gas,166000.0,clean,automatic,4wd,SUV,yellow,https://images.craigslist.org/00q0q_liyZtQYyO9Rz_0iP0CI_600x450.jpg,dc,https://logo.clearbit.com/ford.com,assets/placeholder.png
13500,2006.0,infiniti,qx56 4x4,excellent,8 cylinders,gas,103000.0,clean,automatic,4wd,,white,https://images.craigslist.org/00m0m_dgWRNBQhGnzz_0Ax0t2_600x450.jpg,ca,https://logo.clearbit.com/infiniti.com,assets/placeholder.png
25000,2018.0,subaru,forester,excellent,4 cylinders,gas,22000.0,clean,automatic,4wd,SUV,red,https://images.craigslist.org/00F0F_iEM33jFwbl0z_05r02p_600x450.jpg,az,https://logo.clearbit.com/subaru.com,assets/placeholder.png
25999,2016.0,kia,sorento,,6 cylinders,gas,43252.0,clean,automatic,,SUV,custom,https://images.craigslist.org/00k0k_2jEEfaDzA6zz_0ak07K_600x450.jpg,co,https://logo.clearbit.com/kia.com,assets/placeholder.png
28990,2018.0,alfa-romeo,romeo stelvio ti sport,good,,other,19337.0,clean,other,,hatchback,white,https://images.craigslist.org/00N0N_1xMPvfxRAIdz_0gw0co_600x450.jpg,tx,https://logo.clearbit.com/alfaromeousa.com,assets/placeholder.png
4950,2009.0,honda,civic lx ssedan 5m,excellent,4 cylinders,gas,261215.0,,manual,,sedan,,https://images.craigslist.org/00i0i_9NNvvlUHgiKz_0fe0bq_600x450.jpg,il,https://logo.clearbit.com/honda.com,assets/placeholder.png
18495,2013.0,chevrolet,suburban ltz 1500,excellent,8 cylinders,gas,146774.0,,automatic,4wd,SUV,,https://images.craigslist.org/00l0l_56lG4VgcV7Xz_0fe0bq_600x450.jpg,ma,https://logo.clearbit.com/chevrolet.com,assets/placeholder.png
19491,2016.0,jeep,renegade,,4 cylinders,gas,67620.0,clean,automatic,4wd,SUV,blue,https://images.craigslist.org/00F0F_h2T0bglubSVz_0ak05O_600x450.jpg,ny,https://logo.clearbit.com/jeep.com,assets/placeholder.png
3695,2002.0,dodge,caravan,excellent,,gas,131262.0,clean,automatic,,,,https://images.craigslist.org/00Q0Q_jZPssGQcezz_0gw0co_600x450.jpg,oh,https://logo.clearbit.com/dodge.com,assets/placeholder.png
15999,2016.0,subaru,legacy 2.5i premium,excellent,,gas,57000.0,clean,automatic,,,,https://images.craigslist.org/00505_kwpOhNKrRYFz_0CI0t2_600x450.jpg,mt,https://logo.clearbit.com/subaru.com,assets/placeholder.png
6495,2005.0,infiniti,fx35,excellent,6 cylinders,gas,149000.0,clean,automatic,4wd,SUV,custom,https://images.craigslist.org/00606_l3ywW51nwCsz_0cU09G_600x450.jpg,oh,https://logo.clearbit.com/infiniti.com,assets/placeholder.png
6500,2007.0,honda,accord ex-l v6,excellent,6 cylinders,gas,156250.0,clean,manual,fwd,sedan,silver,https://images.craigslist.org/00d0d_aMF4sBY4S5bz_0t20CI_600x450.jpg,va,https://logo.clearbit.com/honda.com,assets/placeholder.png
2300,2007.0,chrysler,pt cruiser,good,4 cylinders,gas,130000.0,clean,automatic,fwd,,red,https://images.craigslist.org/00f0f_jq0J8SnU2ZMz_0CI0t2_600x450.jpg,ct,https://logo.clearbit.com/chrysler.com,assets/placeholder.png
6500,2008.0,bmw,328xi,excellent,,gas,106430.0,clean,automatic,,,silver,https://images.craigslist.org/00a0a_3WFHynuirvhz_0c60lw_600x450.jpg,co,https://logo.clearbit.com/bmw.com,assets/placeholder.png
26999,2014.0,jeep,wrangler,excellent,,gas,69085.0,clean,automatic,,SUV,black,https://images.craigslist.org/01212_efjmRoxEcw3z_0cU09G_600x450.jpg,nh,https://logo.clearbit.com/jeep.com,assets/placeholder.png
11000,1999.0,chevrolet,ck 2500,good,8 cylinders,gas,229000.0,clean,automatic,4wd,,grey,https://images.craigslist.org/01010_kmLmolOrIuMz_0CI0t2_600x450.jpg,id,https://logo.clearbit.com/chevrolet.com,assets/placeholder.png
35000,2018.0,chevrolet,colorado,excellent,4 cylinders,diesel,53200.0,clean,automatic,4wd,pickup,black,https://images.craigslist.org/00t0t_dX3XCCNCop7z_0CI0t2_600x450.jpg,co,https://logo.clearbit.com/chevrolet.com,assets/placeholder.png
40990,2020.0,ford,mustang gt coupe 2d,good,8 cylinders,gas,39.0,clean,other,rwd,coupe,black,https://images.craigslist.org/00y0y_gjIj6Is4rhxz_0gw0co_600x450.jpg,in,https://logo.clearbit.com/ford.com,assets/placeholder.png
20990,2013.0,ford,f-150,,6 cylinders,gas,95000.0,clean,automatic,,pickup,grey,https://images.craigslist.org/00F0F_j8tC8TWwkI3z_0ak07K_600x450.jpg,mn,https://logo.clearbit.com/ford.com,assets/placeholder.png
7000,1994.0,gmc,topkick,good,,diesel,227334.0,clean,automatic,,truck,yellow,https://images.craigslist.org/00101_2PWxqrRCwaBz_0CI0t2_600x450.jpg,co,https://logo.clearbit.com/gmc.com,assets/placeholder.png
19800,2012.0,ram,1500,,,gas,85000.0,clean,automatic,4wd,,silver,https://images.craigslist.org/00H0H_1zpw2XWBeM1z_0jm0ew_600x450.jpg,or,https://logo.clearbit.com/ramtrucks.com,assets/placeholder.png
10000,1999.0,ford,f350,good,8 cylinders,diesel,52135.0,clean,manual,4wd,pickup,white,https://images.craigslist.org/00v0v_c9SsvzUZ8l9z_0CI0t2_600x450.jpg,ak,https://logo.clearbit.com/ford.com,assets/placeholder.png
24500,2019.0,mazda,cx-5,excellent,,gas,27500.0,clean,automatic,,SUV,grey,https://images.craigslist.org/00o0o_hCiq5go1eWDz_0ak07K_600x450.jpg,ca,https://logo.clearbit.com/mazda.com,assets/placeholder.png
36858,2015.0,gmc,sierra 1500 slt,,,gas,88601.0,clean,automatic,,,,https://images.craigslist.org/00s0s_5kMT5r9I9hbz_0cU09G_600x450.jpg,nc,https://logo.clearbit.com/gmc.com,assets/placeholder.png
17995,2017.0,dodge,durango,like new,6 cylinders,gas,106614.0,clean,automatic,,,silver,https://images.craigslist.org/00b0b_7XTv9lRwJ7oz_0gw0co_600x450.jpg,la,https://logo.clearbit.com/dodge.com,assets/placeholder.png
7995,2012.0,ford,edge limited,excellent,6 cylinders,gas,203065.0,clean,automatic,4wd,sedan,,https://images.craigslist.org/00n0n_eU71Te89YJAz_1320MM_600x450.jpg,oh,https://logo.clearbit.com/ford.com,assets/placeholder.png
12998,2013.0,honda,cr-v ex 4x4,good,4 cylinders,gas,133459.0,clean,automatic,4wd,SUV,grey,https://images.craigslist.org/00b0b_fm02bkn4wGzz_0CI0t2_600x450.jpg,vt,https://logo.clearbit.com/honda.com,assets/placeholder.png
17495,2017.0,audi,a4,excellent,,gas,70593.0,clean,automatic,fwd,sedan,,https://images.craigslist.org/00202_1Mub04QOOmaz_0bM07Q_600x450.jpg,ca,https://logo.clearbit.com/audi.com,assets/placeholder.png
12995,2018.0,kia,optima,,,other,116994.0,clean,automatic,fwd,sedan,,https://images.craigslist.org/01515_gMoIdOJmuGKz_0cU09G_600x450.jpg,ca,https://logo.clearbit.com/kia.com,assets/placeholder.png
46995,2019.0,ford,expedition max,,,gas,32785.0,clean,automatic,4wd,,,https://images.craigslist.org/00c0c_2RSWDUGKJKTz_0ak07K_600x450.jpg,nm,https://logo.clearbit.com/ford.com,assets/placeholder.png
6995,2010.0,ford,escape,,4 cylinders,gas,144347.0,clean,automatic,fwd,SUV,blue,https://images.craigslist.org/00y0y_bkvVAbyUnTY_0CI0t2_600x450.jpg,ca,https://logo.clearbit.com/ford.com,assets/placeholder.png
29000,2011.0,chevrolet,camaro,excellent,8 cylinders,gas,68755.0,clean,manual,rwd,coupe,silver,https://images.craigslist.org/00D0D_55sLzbpiO0Uz_0lw0c6_600x450.jpg,tx,https://logo.clearbit.com/chevrolet.com,assets/placeholder.png
29990,2016.0,chevrolet,colorado extended cab,good,6 cylinders,gas,17302.0,clean,other,4wd,pickup,red,https://images.craigslist.org/00N0N_1xMPvfxRAIdz_0gw0co_600x450.jpg,ma,https://logo.clearbit.com/chevrolet.com,assets/placeholder.png
26495,2018.0,bmw,3 series,,4 cylinders,gas,26389.0,clean,automatic,4wd,sedan,white,https://images.craigslist.org/01111_3v33a1pt78wz_0gw0co_600x450.jpg,ny,https://logo.clearbit.com/bmw.com,assets/placeholder.png
11995,2014.0,nissan,altima 2.5 sl,,4 cylinders,gas,76580.0,clean,automatic,fwd,sedan,blue,https://images.craigslist.org/00U0U_jf9TlKZRrwjz_0CI0sV_600x450.jpg,la,https://logo.clearbit.com/nissanusa.com,assets/placeholder.png
35888,2017.0,ram,1500,,,gas,79514.0,clean,automatic,4wd,pickup,black,https://images.craigslist.org/00V0V_4bhtk1SCH6Wz_0jm0ew_600x450.jpg,ct,https://logo.clearbit.com/ramtrucks.com,assets/placeholder.png
11995,2016.0,nissan,sentra,excellent,4 cylinders,gas,62319.0,clean,automatic,fwd,sedan,grey,https://images.craigslist.org/00J0J_5oZCihSCesFz_0CI0t2_600x450.jpg,id,https://logo.clearbit.com/nissanusa.com,assets/placeholder.png
3800,2006.0,ford,escape,good,6 cylinders,gas,182347.0,clean,automatic,fwd,SUV,white,https://images.craigslist.org/00E0E_1Hoz4cA47c5z_0CI0t2_600x450.jpg,ca,https://logo.clearbit.com/ford.com,assets/placeholder.png
49999,2016.0,ram,2500,,,diesel,94610.0,clean,automatic,4wd,pickup,,https://images.craigslist.org/00Y0Y_jrl4CuzTNBOz_0ak07K_600x450.jpg,id,https://logo.clearbit.com/ramtrucks.com,assets/placeholder.png
8995,2011.0,volvo,xc90 3.2 awd,excellent,6 cylinders,gas,143000.0,clean,automatic,4wd,SUV,black,https://images.craigslist.org/00A0A_bEXh94yGjfGz_0hX0a6_600x450.jpg,nh,https://logo.clearbit.com/volvocars.com,assets/placeholder.png
3500,2003.0,toyota,carolla,good,4 cylinders,gas,199500.0,clean,automatic,fwd,sedan,white,https://images.craigslist.org/00z0z_dLjT3t90QGJz_0CI0t2_600x450.jpg,fl,https://logo.clearbit.com/toyota.com,assets/placeholder.png
5989,2010.0,hyundai,elantra,,4 cylinders,gas,148501.0,clean,automatic,fwd,sedan,grey,https://images.craigslist.org/00Z0Z_iakvUftduehz_0ak07K_600x450.jpg,tx,https://logo.clearbit.com/hyundai.com,assets/placeholder.png
19791,2015.0,mercedes-benz,glk-class,,,diesel,76001.0,clean,automatic,,SUV,black,https://images.craigslist.org/00V0V_3LMnjnizDQMz_0gw0co_600x450.jpg,tx,https://logo.clearbit.com/mercedes-benz.com,assets/placeholder.png
3995,2004.0,honda,civic,,,gas,168216.0,clean,automatic,,coupe,white,https://images.craigslist.org/00K0K_gFpmDj6vicYz_0ak07K_600x450.jpg,ca,https://logo.clearbit.com/honda.com,assets/placeholder.png
14990,2019.0,mitsubishi,mirage g4 rf sedan 4d,good,,gas,10443.0,clean,other,fwd,sedan,black,https://images.craigslist.org/00X0X_cw8VAQUBUY7z_0gw0co_600x450.jpg,fl,https://logo.clearbit.com/mitsubishicars.com,assets/placeholder.png
4195,2003.0,chevrolet,trailblazer lt,good,,gas,216000.0,clean,automatic,4wd,,,https://images.craigslist.org/00z0z_i3tBhupeaE4z_0ww0oo_600x450.jpg,oh,https://logo.clearbit.com/chevrolet.com,assets/placeholder.png
13862,2012.0,ford,f-150,excellent,8 cylinders,gas,159815.0,clean,automatic,4wd,truck,white,https://images.craigslist.org/00x0x_8R9iPcS5tNVz_0CI0oX_600x450.jpg,id,https://logo.clearbit.com/ford.com,assets/placeholder.png
36858,2015.0,gmc,sierra 1500 slt,,,gas,88601.0,clean,automatic,,,,https://images.craigslist.org/00s0s_5kMT5r9I9hbz_0cU09G_600x450.jpg,tn,https://logo.clearbit.com/gmc.com,assets/placeholder.png
5995,2006.0,lexus,es 330,new,6 cylinders,gas,171000.0,clean,automatic,fwd,,silver,https://images.craigslist.org/00J0J_fM0NqozVH0bz_0pO0jm_600x450.jpg,wa,https://logo.clearbit.com/lexus.com,assets/placeholder.png
6425,2007.0,chevrolet,trailblazer,excellent,6 cylinders,gas,163091.0,clean,automatic,4wd,SUV,,https://images.craigslist.org/00S0S_8e4fJ8438SUz_0cU09G_600x450.jpg,nv,https://logo.clearbit.com/chevrolet.com,assets/placeholder.png
13988,2016.0,ford,escape,,,gas,101700.0,clean,automatic,fwd,SUV,,https://images.craigslist.org/00M0M_j6ikvtU6iYvz_0jm0ew_600x450.jpg,ok,https://logo.clearbit.com/ford.com,assets/placeholder.png
34500,2017.0,toyota,tacoma 4x4,like new,6 cylinders,gas,21500.0,clean,automatic,4wd,truck,silver,https://images.craigslist.org/01111_ac71lVwcXr7z_0fu0kE_600x450.jpg,ca,https://logo.clearbit.com/toyota.com,assets/placeholder.png
6500,2012.0,volkswagen,cc lux,excellent,4 cylinders,gas,119000.0,lien,automatic,fwd,sedan,grey,https://images.craigslist.org/00q0q_fE6hUZ2ssHIz_0dL0t2_600x450.jpg,pa,https://logo.clearbit.com/vw.com,assets/placeholder.png
17900,2016.0,nissan,frontier crew cab,excellent,6 cylinders,gas,83285.0,clean,automatic,4wd,pickup,white,https://images.craigslist.org/00n0n_eh9EmMmmZrGz_0CI0t2_600x450.jpg,mo,https://logo.clearbit.com/nissanusa.com,assets/placeholder.png
9995,2012.0,mazda,3i touring,excellent,4 cylinders,gas,103525.0,clean,automatic,fwd,hatchback,grey,https://images.craigslist.org/00202_elL4vjcyocuz_0fu0bC_600x450.jpg,or,https://logo.clearbit.com/mazda.com,assets/placeholder.png
25998,2015.0,bmw,x5,,6 cylinders,gas,78104.0,clean,automatic,rwd,SUV,white,https://images.craigslist.org/00K0K_8ey4qZLIfyez_0gw0co_600x450.jpg,sc,https://logo.clearbit.com/bmw.com,assets/placeholder.png
11995,2016.0,chevrolet,equinox,,,gas,117905.0,clean,automatic,,,,https://images.craigslist.org/00O0O_5qHp93CSmKfz_0kE0fu_600x450.jpg,mi,https://logo.clearbit.com/chevrolet.com,assets/placeholder.png
18999,2013.0,ford,e 350,,,gas,180490.0,clean,automatic,,,,https://images.craigslist.org/00K0K_eNCGCk9vnOez_0ak07J_600x450.jpg,md,https://logo.clearbit.com/ford.com,assets/placeholder.png
29990,2003.0,ford,super duty f-550 drw,good,8 cylinders,diesel,54703.0,clean,manual,4wd,truck,red,https://images.craigslist.org/01010_6mDgnrEqp2nz_0kE0fu_600x450.jpg,ks,https://logo.clearbit.com/ford.com,assets/placeholder.png
33590,2014.0,chevrolet,silverado 1500 crew,good,,other,67830.0,clean,other,4wd,pickup,black,https://images.craigslist.org/00Q0Q_4YX4lckWUuCz_0gw0co_600x450.jpg,ma,https://logo.clearbit.com/chevrolet.com,assets/placeholder.png
9998,2015.0,nissan,sentra,,4 cylinders,gas,94600.0,clean,automatic,fwd,sedan,green,https://images.craigslist.org/00101_kPioxMzL4ERz_0ak07K_600x450.jpg,nv,https://logo.clearbit.com/nissanusa.com,assets/placeholder.png
27990,2017.0,lexus,gs 200t sedan 4d,good,,gas,19215.0,clean,other,rwd,sedan,silver,https://images.craigslist.org/00N0N_1xMPvfxRAIdz_0gw0co_600x450.jpg,ma,https://logo.clearbit.com/lexus.com,assets/placeholder.png
27000,2019.0,mazda,cx-5,like new,,gas,12900.0,clean,automatic,,,white,https://images.craigslist.org/00B0B_5Zi8hpAt2Rgz_0bC0fu_600x450.jpg,pa,https://logo.clearbit.com/mazda.com,assets/placeholder.png
10900,2010.0,lexus,es350,excellent,6 cylinders,gas,69600.0,rebuilt,automatic,fwd,sedan,grey,https://images.craigslist.org/01010_5UlaAW72iBuz_0CI0t2_600x450.jpg,ar,https://logo.clearbit.com/lexus.com,assets/placeholder.png
37164,2020.0,ford,edge st line,,,gas,12.0,clean,automatic,,,,https://images.craigslist.org/00101_79DeHUaKMzaz_0hk0ee_600x450.jpg,al,https://logo.clearbit.com/ford.com,assets/placeholder.png
9800,2011.0,nissan,maxima 3.5 sv,good,6 cylinders,gas,75000.0,clean,automatic,fwd,sedan,blue,https://images.craigslist.org/00L0L_3ASnC72X1Usz_0lM0t2_600x450.jpg,nj,https://logo.clearbit.com/nissanusa.com,assets/placeholder.png
2250,2006.0,ford,ranger,,4 cylinders,gas,235450.0,clean,manual,rwd,truck,,https://images.craigslist.org/01313_1QCsl1NcwYDz_0ak07K_600x450.jpg,il,https://logo.clearbit.com/ford.com,assets/placeholder.png
11995,2008.0,ford,f250 diesel xl,good,8 cylinders,diesel,230000.0,clean,automatic,4wd,truck,white,https://images.craigslist.org/01414_jn4JoDZJzcT_600x450.jpg,nm,https://logo.clearbit.com/ford.com,assets/placeholder.png
57990,2020.0,bmw,7 series 740i sedan 4d,good,,gas,20605.0,clean,other,rwd,sedan,silver,https://images.craigslist.org/00P0P_1Xe6rYez8P1z_0gw0co_600x450.jpg,va,https://logo.clearbit.com/bmw.com,assets/placeholder.png
27990,2015.0,audi,q5 tdi premium plus sport,good,6 cylinders,gas,35035.0,clean,other,,other,silver,https://images.craigslist.org/00R0R_73bzYwqQERQz_0gw0co_600x450.jpg,il,https://logo.clearbit.com/audi.com,assets/placeholder.png
23900,2015.0,chevrolet,silverado 2500,,,gas,144000.0,clean,automatic,,,,https://images.craigslist.org/00d0d_92ku5cVguN5z_0ak07K_600x450.jpg,tn,https://logo.clearbit.com/chevrolet.com,assets/placeholder.png
30590,2017.0,dodge,durango gt sport utility,good,6 cylinders,gas,52924.0,clean,other,,SUV,black,https://images.craigslist.org/00P0P_6CypubFxiPLz_0gw0co_600x450.jpg,sc,https://logo.clearbit.com/dodge.com,assets/placeholder.png
14000,2014.0,bmw,3 series,excellent,,gas,80372.0,clean,automatic,4wd,sedan,black,https://images.craigslist.org/00P0P_dz8lnpNmXvfz_0ak07K_600x450.jpg,wi,https://logo.clearbit.com/bmw.com,assets/placeholder.png
12998,2015.0,chevrolet,equinox,,,gas,117325.0,clean,automatic,fwd,,,https://images.craigslist.org/00b0b_2hVQw3Zv1TWz_09P07m_600x450.jpg,ok,https://logo.clearbit.com/chevrolet.com,assets/placeholder.png
547,2016.0,ram,3500 tradesman,,8 cylinders,other,17663.0,clean,automatic,,,white,https://images.craigslist.org/00F0F_a3eNzKG5rAFz_0uY0kF_600x450.jpg,or,https://logo.clearbit.com/ramtrucks.com,assets/placeholder.png
27408,2016.0,ram,1500 slt 4wd!crew cab,excellent,8 cylinders,gas,67331.0,,automatic,4wd,truck,,https://images.craigslist.org/00H0H_jrPyrzUNMr1z_0fe0bq_600x450.jpg,mi,https://logo.clearbit.com/ramtrucks.com,assets/placeholder.png
10995,2012.0,mazda,mazda5,,,gas,113000.0,clean,automatic,,other,,https://images.craigslist.org/00x0x_cdXSge1cm0Tz_0jm0ew_600x450.jpg,or,https://logo.clearbit.com/mazda.com,assets/placeholder.png
11995,2015.0,dodge,journey r/t,,6 cylinders,gas,98591.0,clean,automatic,4wd,SUV,silver,https://images.craigslist.org/00C0C_1PKaVS6gbHcz_0cU07g_600x450.jpg,mi,https://logo.clearbit.com/dodge.com,assets/placeholder.png
888,2014.0,dodge,grand caravan,,,gas,100000.0,clean,manual,,,,https://images.craigslist.org/00Y0Y_cEqpK3oasvxz_0pO0jm_600x450.jpg,oh,https://logo.clearbit.com/dodge.com,assets/placeholder.png
24995,2014.0,ford,f150,excellent,6 cylinders,gas,82000.0,clean,automatic,4wd,pickup,,https://images.craigslist.org/00s0s_lEzPB8uc6eez_0lC0gd_600x450.jpg,mt,https://logo.clearbit.com/ford.com,assets/placeholder.png
4400,2002.0,honda,accord,,,gas,130000.0,clean,automatic,,,,https://images.craigslist.org/00404_ftHrxOpQKPCz_0vQ0iz_600x450.jpg,nc,https://logo.clearbit.com/honda.com,assets/placeholder.png
7995,2015.0,dodge,grand caravan,excellent,6 cylinders,gas,154999.0,clean,automatic,fwd,mini-van,,https://images.craigslist.org/00O0O_rp6KuooF6z_0ak07K_600x450.jpg,ia,https://logo.clearbit.com/dodge.com,assets/placeholder.png
27995,2019.0,toyota,rav4,,4 cylinders,gas,19196.0,clean,automatic,fwd,SUV,white,https://images.craigslist.org/00R0R_8cXCeDB0RsVz_0ak07K_600x450.jpg,fl,https://logo.clearbit.com/toyota.com,assets/placeholder.png
21194,2020.0,kia,soul,,4 cylinders,gas,15988.0,clean,automatic,fwd,wagon,,https://images.craigslist.org/00K0K_3YzntZKdSqOz_0kE0fu_600x450.jpg,ak,https://logo.clearbit.com/kia.com,assets/placeholder.png
36995,2017.0,chevrolet,silverado 1500,,8 cylinders,gas,28960.0,rebuilt,automatic,4wd,pickup,black,https://images.craigslist.org/00Y0Y_2GDx8kHX6ULz_0kE0do_600x450.jpg,ia,https://logo.clearbit.com/chevrolet.com,assets/placeholder.png
7000,2013.0,subaru,outback,excellent,,gas,157000.0,clean,automatic,,,,https://images.craigslist.org/00A0A_221M5zwdSqJz_0CI0t2_600x450.jpg,mi,https://logo.clearbit.com/subaru.com,assets/placeholder.png
16998,2014.0,lexus,is,,,gas,82000.0,clean,automatic,fwd,convertible,black,https://images.craigslist.org/00q0q_9uNR7uAIlP4z_0jm0ew_600x450.jpg,fl,https://logo.clearbit.com/lexus.com,assets/placeholder.png
19999,2019.0,chevrolet,equinox lt fwd gas suv,,,gas,20211.0,clean,automatic,fwd,SUV,grey,https://images.craigslist.org/00Q0Q_6eIpdKsrvakz_0jm0ew_600x450.jpg,or,https://logo.clearbit.com/chevrolet.com,assets/placeholder.png
7995,2011.0,gmc,acadia slt,good,6 cylinders,gas,120610.0,clean,automatic,4wd,SUV,grey,https://images.craigslist.org/00M0M_hocuI1Hs07Fz_0CI0t2_600x450.jpg,va,https://logo.clearbit.com/gmc.com,assets/placeholder.png
15500,2011.0,gmc,sierra 1500,good,8 cylinders,gas,147000.0,clean,automatic,4wd,truck,silver,https://images.craigslist.org/00n0n_iI7tBsqX6LTz_0CI0t2_600x450.jpg,tx,https://logo.clearbit.com/gmc.com,assets/placeholder.png
28590,2018.0,buick,enclave essence sport,good,6 cylinders,gas,41517.0,clean,other,,SUV,black,https://images.craigslist.org/01616_gqTKdLQFvsWz_0gw0co_600x450.jpg,ky,https://logo.clearbit.com/buick.com,assets/placeholder.png
35990,2018.0,toyota,4runner sr5 sport utility,good,6 cylinders,gas,29245.0,clean,other,,other,silver,https://images.craigslist.org/00X0X_iZqJjDUaVs9z_0gw0co_600x450.jpg,oh,https://logo.clearbit.com/toyota.com,assets/placeholder.png
4400,2001.0,ford,f350,good,8 cylinders,diesel,169000.0,clean,manual,rwd,truck,black,https://images.craigslist.org/00A0A_hhtw7sWpyQXz_07K05O_600x450.jpg,tx,https://logo.clearbit.com/ford.com,assets/placeholder.png
22590,2017.0,volkswagen,golf alltrack tsi se,good,,other,19947.0,clean,automatic,,wagon,white,https://images.craigslist.org/00u0u_k4MZNmDUEJRz_0gw0co_600x450.jpg,ny,https://logo.clearbit.com/vw.com,assets/placeholder.png
22990,2014.0,mercedes-benz,e-class e 350,good,6 cylinders,other,36528.0,clean,other,rwd,sedan,black,https://images.craigslist.org/00K0K_e4oZ4PUZKYUz_0gw0co_600x450.jpg,nm,https://logo.clearbit.com/mercedes-benz.com,assets/placeholder.png
1300,2008.0,kia,rondo,,,gas,1.0,clean,automatic,fwd,wagon,white,https://images.craigslist.org/00m0m_kVxqIqyUd1Kz_0aj07K_600x450.jpg,il,https://logo.clearbit.com/kia.com,assets/placeholder.png
34995,2016.0,ford,"f-150 4wd supercrew 145"" xlt",,6 cylinders,,61803.0,clean,automatic,4wd,pickup,white,https://images.craigslist.org/00z0z_lEBjrZAeZjpz_0ak07K_600x450.jpg,co,https://logo.clearbit.com/ford.com,assets/placeholder.png
17000,2013.0,ford,f-150 supercrew xl 4x4,excellent,8 cylinders,gas,163484.0,lien,automatic,4wd,truck,white,https://images.craigslist.org/00808_iCTUJFNhm2Hz_0lM0t2_600x450.jpg,ks,https://logo.clearbit.com/ford.com,assets/placeholder.png
7900,2012.0,acura,tl,,,gas,140987.0,clean,automatic,,,,https://images.craigslist.org/00f0f_7lu7CKJ3Nhoz_0CI0t2_600x450.jpg,ar,https://logo.clearbit.com/acura.com,assets/placeholder.png
15590,2016.0,volkswagen,e-golf se hatchback,good,,electric,21371.0,clean,other,fwd,sedan,,https://images.craigslist.org/00N0N_81OW24Y91lGz_0gw0co_600x450.jpg,nm,https://logo.clearbit.com/vw.com,assets/placeholder.png
2995,2000.0,mercedes-benz,benz e320,excellent,6 cylinders,gas,101000.0,clean,automatic,rwd,sedan,blue,https://images.craigslist.org/00h0h_l5PqZTapGRcz_0CI0t2_600x450.jpg,ny,https://logo.clearbit.com/mercedes-benz.com,assets/placeholder.png
23777,2015.0,mercedes-benz,c 400 4matic sedan,good,6 cylinders,gas,80802.0,clean,automatic,,sedan,white,https://images.craigslist.org/00W0W_d7h6pFCA4HPz_0ak07K_600x450.jpg,ca,https://logo.clearbit.com/mercedes-benz.com,assets/placeholder.png
16188,2018.0,nissan,sentra sv,good,4 cylinders,gas,39998.0,clean,automatic,fwd,sedan,,https://images.craigslist.org/00M0M_lt3tzd8mEHxz_0ak07K_600x450.jpg,ca,https://logo.clearbit.com/nissanusa.com,assets/placeholder.png
18995,2019.0,toyota,camry,,4 cylinders,gas,71223.0,clean,automatic,fwd,sedan,blue,https://images.craigslist.org/01111_2hGdPLGmqFZz_0ak07K_600x450.jpg,al,https://logo.clearbit.com/toyota.com,assets/placeholder.png
44491,2013.0,ram,3500,,,diesel,124408.0,clean,automatic,4wd,pickup,,https://images.craigslist.org/00l0l_94v8TwztOh0z_0ak06Q_600x450.jpg,dc,https://logo.clearbit.com/ramtrucks.com,assets/placeholder.png
6999,2014.0,chevrolet,cruze 1lt,,,gas,120030.0,clean,automatic,,,,https://images.craigslist.org/00L0L_6Wurcund142_600x450.jpg,wi,https://logo.clearbit.com/chevrolet.com,assets/placeholder.png
36999,2020.0,jeep,grand cherokee laredo 4x4,,,gas,20539.0,clean,automatic,4wd,SUV,black,https://images.craigslist.org/00K0K_erOiNKPTOpfz_0jm0ew_600x450.jpg,wa,https://logo.clearbit.com/jeep.com,assets/placeholder.png
28990,2018.0,subaru,brz limited coupe 2d,good,,gas,6334.0,clean,other,rwd,coupe,blue,https://images.craigslist.org/00r0r_jRfUhaXdYtNz_0gw0co_600x450.jpg,tx,https://logo.clearbit.com/subaru.com,assets/placeholder.png
3750,2009.0,pontiac,vibe awd,good,4 cylinders,gas,196000.0,clean,automatic,4wd,hatchback,blue,https://images.craigslist.org/01010_3t1SgQr4HZPz_0CI0t2_600x450.jpg,ny,https://logo.clearbit.com/pontiac.com,assets/placeholder.png
12750,2006.0,ford,e-150 reefer cargo van,like new,,gas,108214.0,clean,automatic,,,white,https://images.craigslist.org/00000_2xIEzaimPpbz_0cU09G_600x450.jpg,ca,https://logo.clearbit.com/ford.com,assets/placeholder.png
11500,2017.0,toyota,prius c,like new,4 cylinders,hybrid,22696.0,salvage,automatic,fwd,hatchback,grey,https://images.craigslist.org/00K0K_a44dcKQnwwoz_1320MM_600x450.jpg,ca,https://logo.clearbit.com/toyota.com,assets/placeholder.png
15990,2013.0,subaru,xv crosstrek premium,good,,gas,95806.0,clean,other,,hatchback,white,https://images.craigslist.org/00f0f_a0RgEiVfZzxz_0gw0co_600x450.jpg,ga,https://logo.clearbit.com/subaru.com,assets/placeholder.png
8995,2014.0,ford,fusion hybrid se hybrid,excellent,4 cylinders,hybrid,102910.0,clean,automatic,,other,,https://images.craigslist.org/00T0T_afZlfDQSLa2z_0fe0bq_600x450.jpg,ca,https://logo.clearbit.com/ford.com,assets/placeholder.png
41995,2020.0,ram,1500,,,gas,29208.0,clean,automatic,rwd,,,https://images.craigslist.org/00N0N_DVBdrN7EzPz_09O07e_600x450.jpg,tx,https://logo.clearbit.com/ramtrucks.com,assets/placeholder.png
34997,2014.0,ram,3500,,6 cylinders,diesel,137773.0,clean,automatic,4wd,pickup,red,https://images.craigslist.org/00a0a_1PIAkaQbMofz_0ak07K_600x450.jpg,fl,https://logo.clearbit.com/ramtrucks.com,assets/placeholder.png
9500,2001.0,porsche,boxster,good,8 cylinders,gas,84656.0,clean,automatic,rwd,convertible,silver,https://images.craigslist.org/00T0T_7zIu8ko2D24z_0lL0t2_600x450.jpg,mn,https://logo.clearbit.com/porsche.com,assets/placeholder.png
6988,2015.0,mitsubishi,mirage,,,other,98313.0,clean,other,,,,https://images.craigslist.org/00E0E_7JeVvrvoSfIz_0ak07K_600x450.jpg,co,https://logo.clearbit.com/mitsubishicars.com,assets/placeholder.png
47999,2020.0,volvo,xc60,,4 cylinders,gas,7894.0,clean,automatic,4wd,SUV,black,https://images.craigslist.org/00707_ji0j2A1T3JOz_0kE0fu_600x450.jpg,or,https://logo.clearbit.com/volvocars.com,assets/placeholder.png
9900,2007.0,chevrolet,silverado,fair,8 cylinders,diesel,270000.0,clean,automatic,4wd,pickup,black,https://images.craigslist.org/00505_9AhdD1Q1rAFz_0CI0t2_600x450.jpg,vt,https://logo.clearbit.com/chevrolet.com,assets/placeholder.png
5900,2007.0,infiniti,m35,,6 cylinders,gas,128599.0,clean,automatic,4wd,sedan,white,https://images.craigslist.org/00l0l_dCO63UbzL6Jz_0ak07J_600x450.jpg,pa,https://logo.clearbit.com/infiniti.com,assets/placeholder.png
2200,1998.0,ford,mustang,fair,6 cylinders,gas,115000.0,clean,automatic,rwd,coupe,green,https://images.craigslist.org/00g0g_5cc6tflZkebz_0lM0CI_600x450.jpg,wa,https://logo.clearbit.com/ford.com,assets/placeholder.png
9514,2017.0,chevrolet,spark,,,gas,87037.0,clean,automatic,fwd,hatchback,,https://images.craigslist.org/00V0V_89XZhTXgjv9z_0ak06T_600x450.jpg,ks,https://logo.clearbit.com/chevrolet.com,assets/placeholder.png
8995,2015.0,dodge,dart,good,4 cylinders,gas,115309.0,clean,automatic,fwd,other,blue,https://images.craigslist.org/00f0f_cAB2HPeNg4jz_0ew0aT_600x450.jpg,ny,https://logo.clearbit.com/dodge.com,assets/placeholder.png
23990,2016.0,jaguar,xf 35t prestige,good,,other,57282.0,clean,automatic,,hatchback,blue,https://images.craigslist.org/00v0v_iE87MmKXkb9z_0ak07K_600x450.jpg,ia,https://logo.clearbit.com/jaguar.com,assets/placeholder.png
28888,2015.0,toyota,tundra crewmax sr5,like new,8 cylinders,gas,137500.0,clean,automatic,4wd,truck,grey,https://images.craigslist.org/00000_cOrB0lmeP2Gz_0gw0co_600x450.jpg,tx,https://logo.clearbit.com/toyota.com,assets/placeholder.png
17995,2019.0,ford,transit connect van xlt,good,4 cylinders,gas,106006.0,clean,automatic,fwd,van,white,https://images.craigslist.org/00u0u_liJDi2OEnmJz_0ak07K_600x450.jpg,ny,https://logo.clearbit.com/ford.com,assets/placeholder.png
10995,2015.0,gmc,canyon,,,gas,169759.0,clean,automatic,,,,https://images.craigslist.org/00j0j_ilZtkCf3CXez_0CI0t2_600x450.jpg,il,https://logo.clearbit.com/gmc.com,assets/placeholder.png
5300,2009.0,honda,cr-v,excellent,4 cylinders,gas,200000.0,clean,automatic,fwd,SUV,blue,https://images.craigslist.org/00V0V_7YbGY9Gv9Ysz_0CI0t2_600x450.jpg,il,https://logo.clearbit.com/honda.com,assets/placeholder.png
4500,2007.0,volkswagen,eos 2.0t,good,,gas,197600.0,clean,automatic,,,grey,https://images.craigslist.org/00N0N_f4N6RIUE0LFz_0fu0cl_600x450.jpg,nc,https://logo.clearbit.com/vw.com,assets/placeholder.png
36590,2019.0,infiniti,q60 3.0t luxe coupe 2d,good,,other,18605.0,clean,other,,coupe,blue,https://images.craigslist.org/01717_1uXwkJ3JeXnz_0gw0co_600x450.jpg,ga,https://logo.clearbit.com/infiniti.com,assets/placeholder.png
25900,2017.0,ram,1500,excellent,8 cylinders,gas,92904.0,clean,automatic,rwd,pickup,white,https://images.craigslist.org/01717_9KAYWTbVLKTz_09G07g_600x450.jpg,la,https://logo.clearbit.com/ramtrucks.com,assets/placeholder.png
2900,2004.0,honda,odyssey,,,gas,219000.0,clean,automatic,,,,https://images.craigslist.org/00W0W_6dJJbm5r7aVz_0pO0jm_600x450.jpg,fl,https://logo.clearbit.com/honda.com,assets/placeholder.png
17995,2013.0,chevrolet,silverado 1500,,8 cylinders,gas,114000.0,salvage,automatic,4wd,truck,silver,https://images.craigslist.org/00T0T_jbDGU5Ldo4l_0CI0t2_600x450.jpg,sc,https://logo.clearbit.com/chevrolet.com,assets/placeholder.png
9500,2001.0,ford,f-450,,,diesel,178000.0,clean,automatic,,,,https://images.craigslist.org/00J0J_g959oZShTTgz_0dp0t2_600x450.jpg,wa,https://logo.clearbit.com/ford.com,assets/placeholder.png
15590,2011.0,acura,tsx wagon 4d,good,,other,85116.0,clean,other,fwd,wagon,white,https://images.craigslist.org/00L0L_8k6UHraZBYdz_0gw0co_600x450.jpg,nm,https://logo.clearbit.com/acura.com,assets/placeholder.png
17990,2018.0,hyundai,sonata se sedan 4d,good,,gas,25065.0,clean,other,fwd,sedan,silver,https://images.craigslist.org/00202_ibZdx8SqxC0z_0gw0co_600x450.jpg,pa,https://logo.clearbit.com/hyundai.com,assets/placeholder.png
3900,1998.0,ford,e150 econoline,,,gas,160000.0,clean,automatic,,,,https://images.craigslist.org/01515_29D3KxFO3eZz_0CI0t2_600x450.jpg,nv,https://logo.clearbit.com/ford.com,assets/placeholder.png
32990,2019.0,jeep,wrangler sport suv 2d,good,6 cylinders,other,1423.0,clean,other,4wd,SUV,yellow,https://images.craigslist.org/00N0N_1xMPvfxRAIdz_0gw0co_600x450.jpg,va,https://logo.clearbit.com/jeep.com,assets/placeholder.png
19990,2018.0,ford,ecosport titanium sport,good,,gas,13223.0,clean,other,fwd,hatchback,white,https://images.craigslist.org/00m0m_Yu9YOm5aisz_0gw0co_600x450.jpg,co,https://logo.clearbit.com/ford.com,assets/placeholder.png
24900,2016.0,toyota,sienna xle,like new,6 cylinders,gas,63150.0,clean,automatic,fwd,mini-van,silver,https://images.craigslist.org/00B0B_5kzvO4VK7QYz_0CI0t2_600x450.jpg,oh,https://logo.clearbit.com/toyota.com,assets/placeholder.png
6900,2004.0,chevrolet,silverado 1500,good,8 cylinders,gas,193578.0,clean,automatic,rwd,truck,silver,https://images.craigslist.org/00L0L_7LN3UikYE2Lz_0cU09G_600x450.jpg,ar,https://logo.clearbit.com/chevrolet.com,assets/placeholder.png
5995,2010.0,volkswagen,jetta,good,4 cylinders,gas,137455.0,clean,automatic,fwd,sedan,red,https://images.craigslist.org/00606_dVe82NDpI1Rz_0ww0oo_600x450.jpg,ct,https://logo.clearbit.com/vw.com,assets/placeholder.png
3995,1998.0,ford,mustang,,6 cylinders,gas,162215.0,clean,automatic,rwd,convertible,white,https://images.craigslist.org/00g0g_3pUma6tmTPtz_0ak07K_600x450.jpg,or,https://logo.clearbit.com/ford.com,assets/placeholder.png
31995,2016.0,bmw,740i,,,gas,67225.0,clean,automatic,,sedan,white,https://images.craigslist.org/00000_3jpnwOPt45jz_0ak07K_600x450.jpg,tx,https://logo.clearbit.com/bmw.com,assets/placeholder.png
1499,2007.0,honda,cr-v,,,gas,162.0,clean,automatic,4wd,,,https://images.craigslist.org/00x0x_ffFnSAnTMQA_0CI0t2_600x450.jpg,oh,https://logo.clearbit.com/honda.com,assets/placeholder.png
30590,2018.0,honda,pilot ex-l w/res sport,good,6 cylinders,gas,63155.0,clean,other,,other,,https://images.craigslist.org/00b0b_lQ6JwvERTZhz_0gw0co_600x450.jpg,tn,https://logo.clearbit.com/honda.com,assets/placeholder.png
800,1992.0,honda,accord coupe,fair,,gas,260000.0,clean,automatic,,coupe,black,https://images.craigslist.org/01212_iun2WScnrqQz_0CI0t2_600x450.jpg,wa,https://logo.clearbit.com/honda.com,assets/placeholder.png
2695,2003.0,volkswagen,beetle,,,gas,140513.0,clean,automatic,,hatchback,blue,https://images.craigslist.org/00303_aDRmxBLdTnOz_0jm0ew_600x450.jpg,mi,https://logo.clearbit.com/vw.com,assets/placeholder.png
19999,2012.0,ford,f150,like new,8 cylinders,gas,134517.0,clean,automatic,4wd,truck,black,https://images.craigslist.org/00M0M_ZTjJ6rfrOSz_0gw0co_600x450.jpg,ca,https://logo.clearbit.com/ford.com,assets/placeholder.png
7450,2007.0,honda,accord ex-l,excellent,4 cylinders,gas,101803.0,clean,automatic,fwd,sedan,white,https://images.craigslist.org/00202_dnufS8fLRacz_0CI0t2_600x450.jpg,wi,https://logo.clearbit.com/honda.com,assets/placeholder.png
18495,2012.0,porsche,cayenne,,,gas,143471.0,clean,,,SUV,white,https://images.craigslist.org/01414_5fKApIF0HO5z_0cU09G_600x450.jpg,ct,https://logo.clearbit.com/porsche.com,assets/placeholder.png
39999,2016.0,chevrolet,silverado,,8 cylinders,gas,44000.0,clean,automatic,4wd,,,https://images.craigslist.org/00x0x_7HnRSlhupRXz_0kE0fu_600x450.jpg,ca,https://logo.clearbit.com/chevrolet.com,assets/placeholder.png
10951,2012.0,audi,q5 premium plus,excellent,4 cylinders,gas,105600.0,clean,automatic,4wd,SUV,blue,https://images.craigslist.org/00O0O_lb2htLXS8GHz_0CI0t2_600x450.jpg,pa,https://logo.clearbit.com/audi.com,assets/placeholder.png
24790,2014.0,buick,enclave premium,good,6 cylinders,gas,87882.0,clean,automatic,4wd,SUV,black,https://images.craigslist.org/00p0p_icgtUvqLxWfz_0CI0lM_600x450.jpg,id,https://logo.clearbit.com/buick.com,assets/placeholder.png
6500,2006.0,jaguar,x type,excellent,6 cylinders,gas,96000.0,clean,automatic,,,black,https://images.craigslist.org/00A0A_fTyyem86DH5z_0CI0t2_600x450.jpg,or,https://logo.clearbit.com/jaguar.com,assets/placeholder.png
9200,2008.0,chevrolet,silverado 1500 4x4,good,,gas,90000.0,clean,automatic,4wd,truck,blue,https://images.craigslist.org/01717_kCBShAQt4DPz_0kP0CI_600x450.jpg,ny,https://logo.clearbit.com/chevrolet.com,assets/placeholder.png
29986,2016.0,chevrolet,silverado lt 4x4,excellent,8 cylinders,gas,69738.0,clean,automatic,4wd,,,https://images.craigslist.org/01414_bIr9M5nmZxYz_0ak07K_600x450.jpg,wi,https://logo.clearbit.com/chevrolet.com,assets/placeholder.png
12499,2012.0,toyota,prius hybrid,excellent,4 cylinders,gas,87900.0,clean,automatic,fwd,hatchback,green,https://images.craigslist.org/00R0R_5eFR74ERmwkz_0CI0t2_600x450.jpg,co,https://logo.clearbit.com/toyota.com,assets/placeholder.png
31988,2019.0,ram,1500,like new,,gas,58808.0,clean,automatic,,,,https://images.craigslist.org/00N0N_jwHlH9UKmqbz_0x20oM_600x450.jpg,ok,https://logo.clearbit.com/ramtrucks.com,assets/placeholder.png
5800,1999.0,chevrolet,s10 ls,excellent,4 cylinders,gas,70000.0,clean,automatic,,truck,white,https://images.craigslist.org/00G0G_ggSZjPJbYwzz_05a03S_600x450.jpg,ca,https://logo.clearbit.com/chevrolet.com,assets/placeholder.png
18999,2013.0,infiniti,qx56,excellent,8 cylinders,gas,132798.0,clean,automatic,4wd,SUV,,https://images.craigslist.org/00p0p_elKpkau5kbOz_0cU08A_600x450.jpg,oh,https://logo.clearbit.com/infiniti.com,assets/placeholder.png
17999,2010.0,jeep,wrangler,,,gas,100187.0,clean,automatic,4wd,SUV,black,https://images.craigslist.org/00m0m_aMghjye1ACvz_0gw0co_600x450.jpg,id,https://logo.clearbit.com/jeep.com,assets/placeholder.png
2900,2009.0,kia,spectra,,4 cylinders,gas,132000.0,clean,manual,,,,https://images.craigslist.org/00r0r_6zrmHplDj9xz_0CI0t2_600x450.jpg,wa,https://logo.clearbit.com/kia.com,assets/placeholder.png
32995,2016.0,honda,pilot,excellent,6 cylinders,gas,53962.0,clean,automatic,4wd,SUV,black,https://images.craigslist.org/00c0c_a8ijZpvQ2sxz_09G07g_600x450.jpg,wa,https://logo.clearbit.com/honda.com,assets/placeholder.png
3500,2005.0,honda,accord,fair,4 cylinders,gas,145000.0,clean,automatic,fwd,,grey,https://images.craigslist.org/00c0c_7ARDN0J4tfHz_0t20CI_600x450.jpg,md,https://logo.clearbit.com/honda.com,assets/placeholder.png
20900,2017.0,chevrolet,express 2500 extended,,,gas,81814.0,clean,automatic,,,,https://images.craigslist.org/00w0w_4S1jljMxi8z_0CI0t2_600x450.jpg,in,https://logo.clearbit.com/chevrolet.com,assets/placeholder.png
34999,2020.0,subaru,wrx,,other,gas,3622.0,clean,manual,4wd,sedan,white,https://images.craigslist.org/00m0m_9fKzQJeucd0z_0eV0bc_600x450.jpg,wa,https://logo.clearbit.com/subaru.com,assets/placeholder.png
34990,2018.0,ford,mustang gt premium,good,8 cylinders,gas,18650.0,clean,other,rwd,other,black,https://images.craigslist.org/00N0N_3UIW7jqJYo7z_0gw0co_600x450.jpg,az,https://logo.clearbit.com/ford.com,assets/placeholder.png
15995,2014.0,dodge,durango,,6 cylinders,other,135353.0,clean,automatic,,SUV,,https://images.craigslist.org/00404_iCCuZ3cvYWJz_0ak07K_600x450.jpg,ks,https://logo.clearbit.com/dodge.com,assets/placeholder.png
25000,2012.0,chevrolet,silverado 2500,good,8 cylinders,diesel,150400.0,clean,automatic,4wd,truck,silver,https://images.craigslist.org/00D0D_1ehDGfnmT78z_0ew0jm_600x450.jpg,tx,https://logo.clearbit.com/chevrolet.com,assets/placeholder.png
22900,2008.0,ford,f450 xl,,,gas,79000.0,clean,automatic,,,,https://images.craigslist.org/00K0K_1F3tdSBPnvhz_0pO0jm_600x450.jpg,mi,https://logo.clearbit.com/ford.com,assets/placeholder.png
8000,2005.0,ford,f250 super duty,,,diesel,230000.0,clean,automatic,,,,https://images.craigslist.org/00909_eM58GcnbU5Oz_0t20CI_600x450.jpg,fl,https://logo.clearbit.com/ford.com,assets/placeholder.png
12995,2017.0,nissan,leaf sl,excellent,other,electric,46844.0,clean,automatic,fwd,hatchback,blue,https://images.craigslist.org/00q0q_jAB5blS4N3Pz_07K05O_600x450.jpg,hi,https://logo.clearbit.com/nissanusa.com,assets/placeholder.png
35999,2018.0,chevrolet,camaro,excellent,8 cylinders,gas,51699.0,clean,automatic,rwd,coupe,grey,https://images.craigslist.org/00C0C_lCI69dZkyzVz_0kE0fu_600x450.jpg,fl,https://logo.clearbit.com/chevrolet.com,assets/placeholder.png
10499,2018.0,ford,focus,excellent,4 cylinders,gas,107743.0,clean,automatic,fwd,sedan,white,https://images.craigslist.org/00y0y_lWfypnwYcLHz_09G07g_600x450.jpg,ca,https://logo.clearbit.com/ford.com,assets/placeholder.png
15800,2014.0,rover,lr2,excellent,4 cylinders,gas,63090.0,clean,automatic,4wd,SUV,white,https://images.craigslist.org/01010_fO41iyR5QXcz_0nL0CI_600x450.jpg,fl,https://logo.clearbit.com/landrover.com,assets/placeholder.png
8550,2010.0,lincoln,mkz,excellent,6 cylinders,gas,118000.0,clean,automatic,4wd,sedan,silver,https://images.craigslist.org/00G0G_cx9Kzb5AplCz_0t20CI_600x450.jpg,ny,https://logo.clearbit.com/lincoln.com,assets/placeholder.png
10872,2013.0,gmc,terrain,,,other,78264.0,clean,automatic,fwd,,,https://images.craigslist.org/00w0w_jbAAvRvSLVRz_0ak07K_600x450.jpg,ms,https://logo.clearbit.com/gmc.com,assets/placeholder.png
46988,2017.0,chevrolet,silverado,like new,8 cylinders,gas,27792.0,clean,automatic,4wd,,,https://images.craigslist.org/00y0y_dB1GFcPcS9Hz_0x20oM_600x450.jpg,ok,https://logo.clearbit.com/chevrolet.com,assets/placeholder.png
11900,2010.0,toyota,rav4,,,gas,115960.0,clean,automatic,fwd,wagon,,https://images.craigslist.org/00303_c1yvII69Bysz_0eu0aS_600x450.jpg,ct,https://logo.clearbit.com/toyota.com,assets/placeholder.png
15590,2012.0,honda,crosstour ex-l sport,good,6 cylinders,gas,93703.0,clean,other,,hatchback,green,https://images.craigslist.org/00404_6Ly4iZv4DDez_0gw0co_600x450.jpg,pa,https://logo.clearbit.com/honda.com,assets/placeholder.png
15995,2012.0,chevrolet,colorado,,,gas,156909.0,clean,automatic,4wd,pickup,white,https://images.craigslist.org/00w0w_jFneAe2PK5Ez_09Q07m_600x450.jpg,or,https://logo.clearbit.com/chevrolet.com,assets/placeholder.png
3300,2002.0,toyota,camry,,4 cylinders,gas,125000.0,clean,automatic,,,,https://images.craigslist.org/00V0V_afzrXNCp2i4z_0gw08I_600x450.jpg,pa,https://logo.clearbit.com/toyota.com,assets/placeholder.png
6750,2012.0,dodge,charger,excellent,6 cylinders,gas,106432.0,clean,automatic,rwd,sedan,brown,https://images.craigslist.org/00n0n_eger2jemmI6z_0y00pu_600x450.jpg,tx,https://logo.clearbit.com/dodge.com,assets/placeholder.png
54995,2015.0,ford,super duty f-350 srw,excellent,8 cylinders,diesel,105525.0,clean,automatic,4wd,truck,black,https://images.craigslist.org/00B0B_6cix85TRT6ez_0kE0fu_600x450.jpg,nc,https://logo.clearbit.com/ford.com,assets/placeholder.png
52995,2016.0,rover,sport,excellent,8 cylinders,gas,53739.0,clean,automatic,4wd,SUV,black,https://images.craigslist.org/00606_9gYqBRuAPeW_0de08P_600x450.jpg,ak,https://logo.clearbit.com/landrover.com,assets/placeholder.png
5990,2010.0,toyota,yaris,excellent,4 cylinders,gas,111629.0,clean,manual,fwd,hatchback,red,https://images.craigslist.org/00k0k_2KCLZ4V8KUbz_0CI0t2_600x450.jpg,or,https://logo.clearbit.com/toyota.com,assets/placeholder.png
22995,2015.0,toyota,tacoma,,,gas,142638.0,clean,automatic,fwd,pickup,white,https://images.craigslist.org/00404_iASAQ9cVJK4z_0ak07K_600x450.jpg,fl,https://logo.clearbit.com/toyota.com,assets/placeholder.png
11599,2014.0,bmw,x1 xdrive28i sport utility,,,gas,70000.0,clean,automatic,,,,https://images.craigslist.org/00S0S_38atmGEA4X4z_0CI0t2_600x450.jpg,tx,https://logo.clearbit.com/bmw.com,assets/placeholder.png
3250,2002.0,nissan,frontier king cab,good,6 cylinders,gas,173000.0,clean,automatic,rwd,pickup,brown,https://images.craigslist.org/00x0x_lJRzkqw7GUyz_0ak07K_600x450.jpg,in,https://logo.clearbit.com/nissanusa.com,assets/placeholder.png
45995,2014.0,cadillac,cts-v sedan,,,gas,29581.0,clean,automatic,,,,https://images.craigslist.org/00S0S_jKKDP7kIYmDz_0ak06T_600x450.jpg,nj,https://logo.clearbit.com/cadillac.com,assets/placeholder.png
4400,2003.0,acura,3.5 rl,excellent,6 cylinders,gas,210520.0,clean,automatic,fwd,sedan,,https://images.craigslist.org/01313_lnSyp18oOe1z_0CI0t2_600x450.jpg,co,https://logo.clearbit.com/acura.com,assets/placeholder.png
25999,2017.0,toyota,rav4,,4 cylinders,gas,28692.0,clean,automatic,4wd,SUV,silver,https://images.craigslist.org/00B0B_2k7FEGargdAz_0ak07K_600x450.jpg,co,https://logo.clearbit.com/toyota.com,assets/placeholder.png
4875,2006.0,chevrolet,impala,,6 cylinders,gas,136305.0,clean,automatic,,sedan,,https://images.craigslist.org/00X0X_khihm5BypqNz_0CI0pw_600x450.jpg,wi,https://logo.clearbit.com/chevrolet.com,assets/placeholder.png
26990,2020.0,nissan,rogue sl sport utility 4d,good,,gas,23952.0,clean,other,,hatchback,blue,https://images.craigslist.org/00w0w_kn9UGiryFisz_0gw0co_600x450.jpg,oh,https://logo.clearbit.com/nissanusa.com,assets/placeholder.png
34590,2013.0,cadillac,escalade platinum,good,8 cylinders,gas,69134.0,clean,other,,other,black,https://images.craigslist.org/00N0N_jPLnLaeXf6Pz_0gw0co_600x450.jpg,tx,https://logo.clearbit.com/cadillac.com,assets/placeholder.png
5900,1991.0,mercedes-benz,300d 2.5 turbo diesel,excellent,5 cylinders,diesel,184000.0,clean,automatic,rwd,sedan,custom,https://images.craigslist.org/00p0p_737hrRiLyXIz_0ak07K_600x450.jpg,sc,https://logo.clearbit.com/mercedes-benz.com,assets/placeholder.png
2500,2006.0,jeep,grand cherokee,good,6 cylinders,gas,272000.0,clean,automatic,4wd,SUV,silver,https://images.craigslist.org/00p0p_dVM8Lp3W9Npz_0CI0t2_600x450.jpg,pa,https://logo.clearbit.com/jeep.com,assets/placeholder.png
48952,2019.0,ram,1500 rebel 4x4 crew cab 57 b,,8 cylinders,other,39818.0,clean,other,,other,,https://images.craigslist.org/00J0J_lsGA3WOIwIiz_0ak07K_600x450.jpg,az,https://logo.clearbit.com/ramtrucks.com,assets/placeholder.png
66999,2018.0,gmc,sierra duramax 3500 hd 4x4,,,diesel,56753.0,clean,automatic,4wd,truck,black,https://images.craigslist.org/00101_5HFrq7LSk5pz_0jm0ew_600x450.jpg,id,https://logo.clearbit.com/gmc.com,assets/placeholder.png
37995,2014.0,ford,f-150,excellent,8 cylinders,gas,109565.0,clean,automatic,4wd,truck,,https://images.craigslist.org/00303_6rzaOQ1v0Bbz_0ak07K_600x450.jpg,ia,https://logo.clearbit.com/ford.com,assets/placeholder.png
18990,2018.0,ford,ecosport ses sport utility,good,,gas,28046.0,clean,other,4wd,hatchback,black,https://images.craigslist.org/00m0m_csIoN9jc6lIz_0gw0co_600x450.jpg,ca,https://logo.clearbit.com/ford.com,assets/placeholder.png
42990,2018.0,mercedes-benz,mercedes-amg,good,,other,26191.0,clean,other,,sedan,white,https://images.craigslist.org/00k0k_jhV5LsSeV4cz_0gw0co_600x450.jpg,ma,https://logo.clearbit.com/mercedes-benz.com,assets/placeholder.png
37590,2019.0,tesla,model 3 standard range,good,,electric,18994.0,clean,other,rwd,sedan,,https://images.craigslist.org/00N0N_1xMPvfxRAIdz_0gw0co_600x450.jpg,nc,https://logo.clearbit.com/tesla.com,assets/placeholder.png
534,2015.0,ford,super duty f-250 srw,,8 cylinders,gas,106776.0,clean,automatic,4wd,truck,,https://images.craigslist.org/00m0m_eLENxhv11fsz_0ak06T_600x450.jpg,or,https://logo.clearbit.com/ford.com,assets/placeholder.png
51990,2020.0,gmc,yukon slt sport utility 4d,good,8 cylinders,gas,24100.0,clean,other,,SUV,black,https://images.craigslist.org/00O0O_9r81NzgVSuqz_0gw0co_600x450.jpg,tn,https://logo.clearbit.com/gmc.com,assets/placeholder.png
14500,2006.0,ford,f250,excellent,,diesel,187000.0,clean,other,,truck,,https://images.craigslist.org/00h0h_9L3O5AP6SOpz_0lg0t2_600x450.jpg,ok,https://logo.clearbit.com/ford.com,assets/placeholder.png
74991,2016.0,chevrolet,corvette,,8 cylinders,gas,16661.0,clean,automatic,rwd,coupe,black,https://images.craigslist.org/00w0w_64bJZ9CROY4z_0cU08B_600x450.jpg,ok,https://logo.clearbit.com/chevrolet.com,assets/placeholder.png
8999,2006.0,ford,mustang,excellent,8 cylinders,gas,169156.0,clean,manual,rwd,coupe,silver,https://images.craigslist.org/00808_7wBaoAF1UYfz_0cU08B_600x450.jpg,or,https://logo.clearbit.com/ford.com,assets/placeholder.png
5999,2003.0,ford,explorer eddie bauer,excellent,6 cylinders,gas,153951.0,,automatic,4wd,SUV,,https://images.craigslist.org/00h0h_4bYBiCLMLEiz_0fe0bq_600x450.jpg,oh,https://logo.clearbit.com/ford.com,assets/placeholder.png
36590,2020.0,volvo,s60 t6 r-design sedan 4d,good,,gas,18506.0,clean,other,,sedan,blue,https://images.craigslist.org/00Q0Q_51N2e8eaezZz_0gw0co_600x450.jpg,nc,https://logo.clearbit.com/volvocars.com,assets/placeholder.png
18500,2018.0,honda,civic,excellent,4 cylinders,gas,33100.0,clean,automatic,fwd,sedan,grey,https://images.craigslist.org/00606_dor8QnMSczdz_0CI0t2_600x450.jpg,az,https://logo.clearbit.com/honda.com,assets/placeholder.png
24991,2015.0,chevrolet,silverado 1500,,,gas,139206.0,clean,automatic,4wd,,red,https://images.craigslist.org/01111_l590CdXzJSoz_001001_600x450.jpg,or,https://logo.clearbit.com/chevrolet.com,assets/placeholder.png
14950,2011.0,chevrolet,silverado 1500,good,8 cylinders,gas,204376.0,clean,automatic,4wd,truck,blue,https://images.craigslist.org/00b0b_frzu1HtGtfaz_0kE0fu_600x450.jpg,mt,https://logo.clearbit.com/chevrolet.com,assets/placeholder.png
35495,2015.0,chevrolet,silverado 1500 lt,,,gas,69109.0,clean,automatic,,,,https://images.craigslist.org/00w0w_cAuA8W1DXq3z_0CI0t2_600x450.jpg,il,https://logo.clearbit.com/chevrolet.com,assets/placeholder.png
4999,2009.0,nissan,versa,,,gas,68000.0,clean,manual,,,,https://images.craigslist.org/00505_jFJHkMlas5Pz_07K05O_600x450.jpg,nh,https://logo.clearbit.com/nissanusa.com,assets/placeholder.png
8000,2008.0,cadillac,escalade,good,8 cylinders,gas,141000.0,clean,automatic,4wd,SUV,blue,https://images.craigslist.org/00l0l_ay5XwXmsVkFz_0bC0bC_600x450.jpg,ny,https://logo.clearbit.com/cadillac.com,assets/placeholder.png
34999,2013.0,ram,2500 slt,,8 cylinders,gas,93977.0,clean,automatic,4wd,truck,,https://images.craigslist.org/00O0O_7L3gHitW8Siz_0jm0cU_600x450.jpg,co,https://logo.clearbit.com/ramtrucks.com,assets/placeholder.png
9995,2013.0,ford,escape sel 4x4,excellent,4 cylinders,gas,155033.0,clean,automatic,4wd,SUV,red,https://images.craigslist.org/00r0r_aUJqDvBNmLxz_0ak07K_600x450.jpg,or,https://logo.clearbit.com/ford.com,assets/placeholder.png
19291,2018.0,ford,escape,,4 cylinders,gas,20543.0,clean,automatic,4wd,SUV,blue,https://images.craigslist.org/00P0P_gpvGAzwUnLNz_0ak07K_600x450.jpg,oh,https://logo.clearbit.com/ford.com,assets/placeholder.png
26995,2018.0,toyota,rav adventure,like new,4 cylinders,gas,8614.0,clean,automatic,4wd,SUV,red,https://images.craigslist.org/00202_8FZSUMsFu9Dz_0CI0t2_600x450.jpg,ma,https://logo.clearbit.com/toyota.com,assets/placeholder.png
52000,1991.0,rover,defender 90,good,4 cylinders,diesel,89000.0,clean,manual,4wd,offroad,white,https://images.craigslist.org/01616_7jHaJPvJtz1z_0t20CI_600x450.jpg,wi,https://logo.clearbit.com/landrover.com,assets/placeholder.png
23990,2016.0,chevrolet,silverado 1500 regular,good,6 cylinders,gas,41568.0,clean,other,,pickup,white,https://images.craigslist.org/00H0H_cPjjUTUo6Hnz_0gw0co_600x450.jpg,ky,https://logo.clearbit.com/chevrolet.com,assets/placeholder.png
39990,2020.0,toyota,tundra double cab sr5,good,8 cylinders,gas,15096.0,clean,other,,pickup,,https://images.craigslist.org/00S0S_8mT1amwrTDtz_0gw0co_600x450.jpg,ga,https://logo.clearbit.com/toyota.com,assets/placeholder.png
32995,2013.0,ford,f-150 svt raptor,,,gas,111544.0,clean,automatic,,,,https://images.craigslist.org/00j0j_jHVUbqoYMFcz_0CI0t2_600x450.jpg,il,https://logo.clearbit.com/ford.com,assets/placeholder.png
41914,2019.0,toyota,tacoma,,6 cylinders,gas,26419.0,clean,automatic,4wd,truck,black,https://images.craigslist.org/00F0F_8rmrKQ2XuSOz_0ak07K_600x450.jpg,ak,https://logo.clearbit.com/toyota.com,assets/placeholder.png
5995,2006.0,toyota,corolla,excellent,4 cylinders,gas,159004.0,clean,automatic,,,grey,https://images.craigslist.org/00V0V_8mUUwBZKWqnz_0CI0t2_600x450.jpg,ca,https://logo.clearbit.com/toyota.com,assets/placeholder.png
1000,2006.0,mercedes-benz,c-class c230,good,6 cylinders,gas,176055.0,clean,automatic,rwd,sedan,red,https://images.craigslist.org/00e0e_ipuiYGK2R92z_0CI0t2_600x450.jpg,or,https://logo.clearbit.com/mercedes-benz.com,assets/placeholder.png
5950,2013.0,nissan,rogue s awd,,4 cylinders,gas,95667.0,rebuilt,automatic,4wd,SUV,white,https://images.craigslist.org/00v0v_hMJikEBfjkJz_0ak06T_600x450.jpg,ut,https://logo.clearbit.com/nissanusa.com,assets/placeholder.png
25990,2018.0,lincoln,mkz premiere hybrid,good,,hybrid,17500.0,clean,other,fwd,sedan,silver,https://images.craigslist.org/00N0N_1xMPvfxRAIdz_0gw0co_600x450.jpg,mo,https://logo.clearbit.com/lincoln.com,assets/placeholder.png
29995,2017.0,toyota,tacoma,,6 cylinders,gas,46956.0,clean,automatic,rwd,,white,https://images.craigslist.org/01212_hShHxLP5fohz_0cU09G_600x450.jpg,tn,https://logo.clearbit.com/toyota.com,assets/placeholder.png
15950,2012.0,gmc,sierra,,,gas,151492.0,clean,automatic,4wd,pickup,,https://images.craigslist.org/00I0I_lnW4qVpgj9lz_0ew0aT_600x450.jpg,ct,https://logo.clearbit.com/gmc.com,assets/placeholder.png
6500,2010.0,lincoln,mkz 4dr sdn fwd,good,6 cylinders,gas,75299.0,clean,automatic,fwd,,yellow,https://images.craigslist.org/00o0o_elkuIZGluDjz_0ak07K_600x450.jpg,wa,https://logo.clearbit.com/lincoln.com,assets/placeholder.png
14700,2015.0,honda,cr-v ex-l,excellent,4 cylinders,gas,70672.0,salvage,automatic,4wd,SUV,brown,https://images.craigslist.org/00C0C_c5DAZn07fhWz_0CI0t2_600x450.jpg,in,https://logo.clearbit.com/honda.com,assets/placeholder.png
5500,2009.0,chevrolet,impala ls,good,,gas,144000.0,clean,automatic,,sedan,blue,https://images.craigslist.org/00x0x_1Qp8d42bpASz_0t20CI_600x450.jpg,mi,https://logo.clearbit.com/chevrolet.com,assets/placeholder.png
6565,2015.0,fiat,500 pop,excellent,,gas,83122.0,clean,automatic,,,,https://images.craigslist.org/00303_c6ebj6wCYyXz_03S02U_600x450.jpg,ok,https://logo.clearbit.com/fiat.com,assets/placeholder.png
32997,2011.0,chevrolet,camaro,,,gas,6980.0,clean,manual,,coupe,white,https://images.craigslist.org/00Z0Z_e7VcstFvzHbz_0cU07g_600x450.jpg,ca,https://logo.clearbit.com/chevrolet.com,assets/placeholder.png
15500,2014.0,chevrolet,camaro,excellent,6 cylinders,gas,84000.0,clean,automatic,rwd,convertible,silver,https://images.craigslist.org/00K0K_l1ca36lqKXrz_0z60pe_600x450.jpg,fl,https://logo.clearbit.com/chevrolet.com,assets/placeholder.png
3000,2009.0,honda,accord,excellent,,gas,35000.0,clean,automatic,fwd,sedan,silver,https://images.craigslist.org/00p0p_36DlT7oGMXkz_0cU09G_600x450.jpg,ca,https://logo.clearbit.com/honda.com,assets/placeholder.png
5500,2007.0,honda,civic,good,4 cylinders,gas,156000.0,clean,automatic,fwd,sedan,brown,https://images.craigslist.org/00V0V_1ytDJ16MpARz_0co0gw_600x450.jpg,ma,https://logo.clearbit.com/honda.com,assets/placeholder.png
38990,2015.0,ford,f150 supercrew cab lariat,good,6 cylinders,gas,47518.0,clean,other,4wd,pickup,red,https://images.craigslist.org/00l0l_2M1IW1rYKPnz_0gw0co_600x450.jpg,va,https://logo.clearbit.com/ford.com,assets/placeholder.png
44995,2011.0,ford,super duty f-350 srw,,8 cylinders,diesel,70793.0,clean,automatic,4wd,truck,white,https://images.craigslist.org/00S0S_7y8bYaiEdupz_0ak06R_600x450.jpg,or,https://logo.clearbit.com/ford.com,assets/placeholder.png
6500,2014.0,mitsubishi,mirage,excellent,4 cylinders,gas,129876.0,clean,automatic,fwd,hatchback,blue,https://images.craigslist.org/01515_cXQEwMaV4T9z_0hq0d4_600x450.jpg,ga,https://logo.clearbit.com/mitsubishicars.com,assets/placeholder.png
18590,2018.0,hyundai,sonata sel sedan 4d,good,,gas,22075.0,clean,other,fwd,sedan,white,https://images.craigslist.org/00s0s_2PUX5ZFgrdNz_0gw0co_600x450.jpg,ct,https://logo.clearbit.com/hyundai.com,assets/placeholder.png
7995,2012.0,hyundai,tucson suv,good,,gas,110555.0,clean,automatic,fwd,SUV,,https://images.craigslist.org/01010_kQEL30LFjsMz_0g80c6_600x450.jpg,nh,https://logo.clearbit.com/hyundai.com,assets/placeholder.png
19988,2019.0,hyundai,santa fe,,,gas,28896.0,clean,other,4wd,,grey,https://images.craigslist.org/00I0I_cRyV0yBzzJKz_0ak07K_600x450.jpg,me,https://logo.clearbit.com/hyundai.com,assets/placeholder.png
10500,2016.0,honda,civic lx,,,gas,116800.0,clean,automatic,,,,https://images.craigslist.org/00b0b_g2NAUo9VFGiz_0CI0t2_600x450.jpg,ca,https://logo.clearbit.com/honda.com,assets/placeholder.png
2595,2010.0,ford,focus,,,gas,134000.0,clean,automatic,,,,https://images.craigslist.org/00N0N_egmtvUzgSiIz_0CI0t2_600x450.jpg,mn,https://logo.clearbit.com/ford.com,assets/placeholder.png
16999,2016.0,ram,promaster city cargo van,excellent,4 cylinders,gas,57498.0,clean,automatic,,van,,https://images.craigslist.org/00T0T_LqlxOQihN8_0cU08B_600x450.jpg,ca,https://logo.clearbit.com/ramtrucks.com,assets/placeholder.png
8990,2013.0,toyota,prius v,,,other,129167.0,clean,automatic,fwd,hatchback,,https://images.craigslist.org/00h0h_8cRNhDFG2BRz_0jm0gh_600x450.jpg,az,https://logo.clearbit.com/toyota.com,assets/placeholder.png
10000,2002.0,gmc,sierra,good,8 cylinders,gas,139000.0,clean,automatic,4wd,pickup,grey,https://images.craigslist.org/00Y0Y_9JxUcj9EMi3z_0t20CI_600x450.jpg,la,https://logo.clearbit.com/gmc.com,assets/placeholder.png
35590,2020.0,lincoln,corsair sport utility 4d,good,,gas,1454.0,clean,other,fwd,other,,https://images.craigslist.org/00R0R_iHSJJYqosKtz_0gw0co_600x450.jpg,tn,https://logo.clearbit.com/lincoln.com,assets/placeholder.png
5900,1999.0,mercedes-benz,clk-class,excellent,6 cylinders,gas,123000.0,clean,automatic,,convertible,white,https://images.craigslist.org/00808_1AYQ2aiEnDbz_0kE0fu_600x450.jpg,sc,https://logo.clearbit.com/mercedes-benz.com,assets/placeholder.png
20995,2019.0,kia,sorento lx,like new,,gas,49199.0,clean,automatic,,,,https://images.craigslist.org/00Q0Q_lQqz1O9WC1zz_0CI0t2_600x450.jpg,me,https://logo.clearbit.com/kia.com,assets/placeholder.png
19500,2017.0,nissan,rogue,excellent,,gas,20295.0,clean,automatic,4wd,SUV,silver,https://images.craigslist.org/00p0p_5hzQaFHUoopz_0cU09G_600x450.jpg,ky,https://logo.clearbit.com/nissanusa.com,assets/placeholder.png
5500,2005.0,honda,pilot,good,6 cylinders,gas,120000.0,clean,automatic,4wd,,grey,https://images.craigslist.org/00F0F_7gAxSW4esDbz_0CI0t2_600x450.jpg,ny,https://logo.clearbit.com/honda.com,assets/placeholder.png
5500,2015.0,dodge,dart,,4 cylinders,gas,137959.0,clean,manual,fwd,sedan,black,https://images.craigslist.org/00N0N_f1tjnvnuZPqz_0ak07K_600x450.jpg,md,https://logo.clearbit.com/dodge.com,assets/placeholder.png
3450,2002.0,chrysler,300m,,6 cylinders,gas,144934.0,clean,automatic,fwd,sedan,,https://images.craigslist.org/00T0T_89vs8uC8Szlz_0kE0fu_600x450.jpg,al,https://logo.clearbit.com/chrysler.com,assets/placeholder.png
3999,2007.0,subaru,impreza,like new,4 cylinders,gas,113660.0,clean,automatic,4wd,wagon,,https://images.craigslist.org/00v0v_6syUODM6qrCz_0pO0jm_600x450.jpg,wi,https://logo.clearbit.com/subaru.com,assets/placeholder.png
12885,2015.0,chrysler,200,,,gas,74842.0,clean,automatic,fwd,sedan,silver,https://images.craigslist.org/01616_kJAtgyMeewKz_0gw0co_600x450.jpg,oh,https://logo.clearbit.com/chrysler.com,assets/placeholder.png
29985,2012.0,chevrolet,silverado 3500hd 4x4,excellent,8 cylinders,diesel,251.0,clean,automatic,4wd,pickup,white,https://images.craigslist.org/00N0N_9vAPY4SD269z_0t20t2_600x450.jpg,id,https://logo.clearbit.com/chevrolet.com,assets/placeholder.png
32990,2020.0,dodge,durango gt plus sport,good,6 cylinders,gas,26829.0,clean,other,,SUV,black,https://images.craigslist.org/00W0W_k3P2jxefnDGz_0gw0co_600x450.jpg,il,https://logo.clearbit.com/dodge.com,assets/placeholder.png
16000,2006.0,ford,f 550,,,diesel,146201.0,clean,automatic,,,,https://images.craigslist.org/00a0a_6ZiLG5zOPkJz_0lM0t2_600x450.jpg,or,https://logo.clearbit.com/ford.com,assets/placeholder.png
3000,2000.0,toyota,celica gt-s,good,4 cylinders,gas,187190.0,clean,manual,fwd,,black,https://images.craigslist.org/00000_7OGif4XkPOuz_0ft0t2_600x450.jpg,ma,https://logo.clearbit.com/toyota.com,assets/placeholder.png
9995,2002.0,chevrolet,avalanche 1500,,,gas,197997.0,clean,automatic,,,,https://images.craigslist.org/00A0A_gnuxVvJ0wcAz_0ne0hq_600x450.jpg,ca,https://logo.clearbit.com/chevrolet.com,assets/placeholder.png
28590,2010.0,chevrolet,camaro ss coupe 2d,good,8 cylinders,gas,16903.0,clean,other,rwd,coupe,yellow,https://images.craigslist.org/00T0T_jgkuHW90MKHz_0gw0co_600x450.jpg,pa,https://logo.clearbit.com/chevrolet.com,assets/placeholder.png
23995,2018.0,dodge,charger sxt plus,excellent,6 cylinders,gas,50595.0,,automatic,,other,,https://images.craigslist.org/00g0g_MGAn5svdtiz_0fe0bq_600x450.jpg,mi,https://logo.clearbit.com/dodge.com,assets/placeholder.png
2500,2002.0,honda,accord,good,4 cylinders,gas,134700.0,clean,automatic,fwd,sedan,green,https://images.craigslist.org/00202_hglNwSPaEjqz_0CI0t2_600x450.jpg,tx,https://logo.clearbit.com/honda.com,assets/placeholder.png
12900,2015.0,ford,focus,excellent,4 cylinders,gas,125000.0,clean,manual,fwd,hatchback,grey,https://images.craigslist.org/00v0v_b0EaI4lvX1pz_0CI0t2_600x450.jpg,fl,https://logo.clearbit.com/ford.com,assets/placeholder.png
4500,1992.0,ford,ranger,excellent,6 cylinders,gas,92000.0,clean,manual,4wd,pickup,grey,https://images.craigslist.org/00l0l_iKJpWU2RT1dz_0CI0t2_600x450.jpg,ga,https://logo.clearbit.com/ford.com,assets/placeholder.png
24750,2017.0,ford,expedition limited 4x2,,6 cylinders,,95282.0,clean,automatic,rwd,SUV,silver,https://images.craigslist.org/00d0d_af9PJnIP4q1z_0ak05N_600x450.jpg,oh,https://logo.clearbit.com/ford.com,assets/placeholder.png
11999,2010.0,chevrolet,camaro ls coupe,,,gas,134645.0,,automatic,rwd,coupe,white,https://images.craigslist.org/00E0E_dPQvVm112gvz_0ak07K_600x450.jpg,wa,https://logo.clearbit.com/chevrolet.com,assets/placeholder.png
29999,2016.0,ford,f150 xlt 4x4 half ton gas,,,gas,109634.0,clean,automatic,4wd,truck,grey,https://images.craigslist.org/00K0K_lzuTpZ4bjniz_0jm0ew_600x450.jpg,wa,https://logo.clearbit.com/ford.com,assets/placeholder.png
7950,2013.0,chevrolet,equinox,good,4 cylinders,gas,78410.0,clean,automatic,fwd,SUV,black,https://images.craigslist.org/00O0O_lbmaQYwEZyLz_0CI0t2_600x450.jpg,ia,https://logo.clearbit.com/chevrolet.com,assets/placeholder.png
10995,2012.0,ford,explorer,excellent,,gas,110631.0,clean,automatic,fwd,SUV,silver,https://images.craigslist.org/00707_93urlT2uXGtz_0cU09G_600x450.jpg,id,https://logo.clearbit.com/ford.com,assets/placeholder.png
33990,2016.0,chevrolet,express commercial cutaway,good,8 cylinders,gas,12398.0,clean,automatic,rwd,truck,white,https://images.craigslist.org/00F0F_l0BwHur8bMNz_0kE0fu_600x450.jpg,de,https://logo.clearbit.com/chevrolet.com,assets/placeholder.png
7300,2011.0,chrysler,200,,,gas,113838.0,clean,automatic,,,,https://images.craigslist.org/00C0C_5OXBkaOLP54z_07K05O_600x450.jpg,mi,https://logo.clearbit.com/chrysler.com,assets/placeholder.png
